Chave;Transportadora;Método de Envio;UF;Tarifa;0,02;0,05;0,1;0,15;0,2;0,25;0,3;0,35;0,4;0,45;0,5;0,55;0,6;0,65;0,7;0,75;0,8;0,85;0,9;0,95;1;1,25;1,5;2;2,5;3;3,5;4;5
CorreiosImpresso EconômicoACMódico;Correios;Impresso Econômico;AC;Módico;4;4,55;5,05;5,5;6;6,5;6,95;7,4;7,95;8,45;8,95;9,3;9,8;10,25;10,6;11;11,4;11,9;12,4;12,8;13,2;17,35;17,35;17,35;10000;10000;10000;10000;10000
CorreiosImpresso EconômicoALMódico;Correios;Impresso Econômico;AL;Módico;4;4,55;5,05;5,5;6;6,5;6,95;7,4;7,95;8,45;8,95;9,3;9,8;10,25;10,6;11;11,4;11,9;12,4;12,8;13,2;17,35;17,35;17,35;10000;10000;10000;10000;10000
CorreiosImpresso EconômicoAMMódico;Correios;Impresso Econômico;AM;Módico;4;4,55;5,05;5,5;6;6,5;6,95;7,4;7,95;8,45;8,95;9,3;9,8;10,25;10,6;11;11,4;11,9;12,4;12,8;13,2;17,35;17,35;17,35;10000;10000;10000;10000;10000
CorreiosImpresso EconômicoAPMódico;Correios;Impresso Econômico;AP;Módico;4;4,55;5,05;5,5;6;6,5;6,95;7,4;7,95;8,45;8,95;9,3;9,8;10,25;10,6;11;11,4;11,9;12,4;12,8;13,2;17,35;17,35;17,35;10000;10000;10000;10000;10000
CorreiosImpresso EconômicoBAMódico;Correios;Impresso Econômico;BA;Módico;4;4,55;5,05;5,5;6;6,5;6,95;7,4;7,95;8,45;8,95;9,3;9,8;10,25;10,6;11;11,4;11,9;12,4;12,8;13,2;17,35;17,35;17,35;10000;10000;10000;10000;10000
CorreiosImpresso EconômicoCEMódico;Correios;Impresso Econômico;CE;Módico;4;4,55;5,05;5,5;6;6,5;6,95;7,4;7,95;8,45;8,95;9,3;9,8;10,25;10,6;11;11,4;11,9;12,4;12,8;13,2;17,35;17,35;17,35;10000;10000;10000;10000;10000
CorreiosImpresso EconômicoDFMódico;Correios;Impresso Econômico;DF;Módico;4;4,55;5,05;5,5;6;6,5;6,95;7,4;7,95;8,45;8,95;9,3;9,8;10,25;10,6;11;11,4;11,9;12,4;12,8;13,2;17,35;17,35;17,35;10000;10000;10000;10000;10000
CorreiosImpresso EconômicoESMódico;Correios;Impresso Econômico;ES;Módico;4;4,55;5,05;5,5;6;6,5;6,95;7,4;7,95;8,45;8,95;9,3;9,8;10,25;10,6;11;11,4;11,9;12,4;12,8;13,2;17,35;17,35;17,35;10000;10000;10000;10000;10000
CorreiosImpresso EconômicoGOMódico;Correios;Impresso Econômico;GO;Módico;4;4,55;5,05;5,5;6;6,5;6,95;7,4;7,95;8,45;8,95;9,3;9,8;10,25;10,6;11;11,4;11,9;12,4;12,8;13,2;17,35;17,35;17,35;10000;10000;10000;10000;10000
CorreiosImpresso EconômicoMAMódico;Correios;Impresso Econômico;MA;Módico;4;4,55;5,05;5,5;6;6,5;6,95;7,4;7,95;8,45;8,95;9,3;9,8;10,25;10,6;11;11,4;11,9;12,4;12,8;13,2;17,35;17,35;17,35;10000;10000;10000;10000;10000
CorreiosImpresso EconômicoMGMódico;Correios;Impresso Econômico;MG;Módico;4;4,55;5,05;5,5;6;6,5;6,95;7,4;7,95;8,45;8,95;9,3;9,8;10,25;10,6;11;11,4;11,9;12,4;12,8;13,2;17,35;17,35;17,35;10000;10000;10000;10000;10000
CorreiosImpresso EconômicoMSMódico;Correios;Impresso Econômico;MS;Módico;4;4,55;5,05;5,5;6;6,5;6,95;7,4;7,95;8,45;8,95;9,3;9,8;10,25;10,6;11;11,4;11,9;12,4;12,8;13,2;17,35;17,35;17,35;10000;10000;10000;10000;10000
CorreiosImpresso EconômicoMTMódico;Correios;Impresso Econômico;MT;Módico;4;4,55;5,05;5,5;6;6,5;6,95;7,4;7,95;8,45;8,95;9,3;9,8;10,25;10,6;11;11,4;11,9;12,4;12,8;13,2;17,35;17,35;17,35;10000;10000;10000;10000;10000
CorreiosImpresso EconômicoPAMódico;Correios;Impresso Econômico;PA;Módico;4;4,55;5,05;5,5;6;6,5;6,95;7,4;7,95;8,45;8,95;9,3;9,8;10,25;10,6;11;11,4;11,9;12,4;12,8;13,2;17,35;17,35;17,35;10000;10000;10000;10000;10000
CorreiosImpresso EconômicoPBMódico;Correios;Impresso Econômico;PB;Módico;4;4,55;5,05;5,5;6;6,5;6,95;7,4;7,95;8,45;8,95;9,3;9,8;10,25;10,6;11;11,4;11,9;12,4;12,8;13,2;17,35;17,35;17,35;10000;10000;10000;10000;10000
CorreiosImpresso EconômicoPEMódico;Correios;Impresso Econômico;PE;Módico;4;4,55;5,05;5,5;6;6,5;6,95;7,4;7,95;8,45;8,95;9,3;9,8;10,25;10,6;11;11,4;11,9;12,4;12,8;13,2;17,35;17,35;17,35;10000;10000;10000;10000;10000
CorreiosImpresso EconômicoPIMódico;Correios;Impresso Econômico;PI;Módico;4;4,55;5,05;5,5;6;6,5;6,95;7,4;7,95;8,45;8,95;9,3;9,8;10,25;10,6;11;11,4;11,9;12,4;12,8;13,2;17,35;17,35;17,35;10000;10000;10000;10000;10000
CorreiosImpresso EconômicoPRMódico;Correios;Impresso Econômico;PR;Módico;4;4,55;5,05;5,5;6;6,5;6,95;7,4;7,95;8,45;8,95;9,3;9,8;10,25;10,6;11;11,4;11,9;12,4;12,8;13,2;17,35;17,35;17,35;10000;10000;10000;10000;10000
CorreiosImpresso EconômicoRJMódico;Correios;Impresso Econômico;RJ;Módico;4;4,55;5,05;5,5;6;6,5;6,95;7,4;7,95;8,45;8,95;9,3;9,8;10,25;10,6;11;11,4;11,9;12,4;12,8;13,2;17,35;17,35;17,35;10000;10000;10000;10000;10000
CorreiosImpresso EconômicoRNMódico;Correios;Impresso Econômico;RN;Módico;4;4,55;5,05;5,5;6;6,5;6,95;7,4;7,95;8,45;8,95;9,3;9,8;10,25;10,6;11;11,4;11,9;12,4;12,8;13,2;17,35;17,35;17,35;10000;10000;10000;10000;10000
CorreiosImpresso EconômicoROMódico;Correios;Impresso Econômico;RO;Módico;4;4,55;5,05;5,5;6;6,5;6,95;7,4;7,95;8,45;8,95;9,3;9,8;10,25;10,6;11;11,4;11,9;12,4;12,8;13,2;17,35;17,35;17,35;10000;10000;10000;10000;10000
CorreiosImpresso EconômicoRRMódico;Correios;Impresso Econômico;RR;Módico;4;4,55;5,05;5,5;6;6,5;6,95;7,4;7,95;8,45;8,95;9,3;9,8;10,25;10,6;11;11,4;11,9;12,4;12,8;13,2;17,35;17,35;17,35;10000;10000;10000;10000;10000
CorreiosImpresso EconômicoRSMódico;Correios;Impresso Econômico;RS;Módico;4;4,55;5,05;5,5;6;6,5;6,95;7,4;7,95;8,45;8,95;9,3;9,8;10,25;10,6;11;11,4;11,9;12,4;12,8;13,2;17,35;17,35;17,35;10000;10000;10000;10000;10000
CorreiosImpresso EconômicoSCMódico;Correios;Impresso Econômico;SC;Módico;4;4,55;5,05;5,5;6;6,5;6,95;7,4;7,95;8,45;8,95;9,3;9,8;10,25;10,6;11;11,4;11,9;12,4;12,8;13,2;17,35;17,35;17,35;10000;10000;10000;10000;10000
CorreiosImpresso EconômicoSEMódico;Correios;Impresso Econômico;SE;Módico;4;4,55;5,05;5,5;6;6,5;6,95;7,4;7,95;8,45;8,95;9,3;9,8;10,25;10,6;11;11,4;11,9;12,4;12,8;13,2;17,35;17,35;17,35;10000;10000;10000;10000;10000
CorreiosImpresso EconômicoSPMódico;Correios;Impresso Econômico;SP;Módico;4;4,55;5,05;5,5;6;6,5;6,95;7,4;7,95;8,45;8,95;9,3;9,8;10,25;10,6;11;11,4;11,9;12,4;12,8;13,2;17,35;17,35;17,35;10000;10000;10000;10000;10000
CorreiosImpresso EconômicoTOMódico;Correios;Impresso Econômico;TO;Módico;4;4,55;5,05;5,5;6;6,5;6,95;7,4;7,95;8,45;8,95;9,3;9,8;10,25;10,6;11;11,4;11,9;12,4;12,8;13,2;17,35;17,35;17,35;10000;10000;10000;10000;10000
Dialogo LogisticaDialogo StandardPRCAPITAL;Dialogo Logistica;Dialogo Standard;PR;CAPITAL;7,19;7,19;7,19;7,19;7,19;7,19;7,27;7,27;7,27;7,27;7,27;7,35;7,35;7,35;7,35;7,35;7,43;7,43;7,43;7,43;7,43;7,93;7,93;9,22;10,54;10,54;13,54;13,54;16,54
Dialogo LogisticaDialogo StandardPRINTERIOR I;Dialogo Logistica;Dialogo Standard;PR;INTERIOR I;7,35;7,35;7,35;7,35;7,35;7,35;7,43;7,43;7,43;7,43;7,43;7,51;7,51;7,51;7,51;7,51;7,59;7,59;7,59;7,59;7,59;8,6;8,6;9,97;11,29;11,29;14,77;14,77;18,25
Dialogo LogisticaDialogo StandardPRINTERIOR II;Dialogo Logistica;Dialogo Standard;PR;INTERIOR II;7,75;7,75;7,75;7,75;7,75;7,75;7,83;7,83;7,83;7,83;7,83;7,91;7,91;7,91;7,91;7,91;7,99;7,99;7,99;7,99;7,99;8,79;8,79;10,16;11,51;11,51;14,99;14,99;18,47
Dialogo LogisticaDialogo StandardRSCAPITAL;Dialogo Logistica;Dialogo Standard;RS;CAPITAL;4,42;4,42;4,42;4,42;4,42;4,42;4,47;4,47;4,47;4,47;4,47;4,61;4,61;4,61;4,61;4,61;4,66;4,66;4,66;4,66;4,66;5,5;5,5;6,38;6,81;6,81;8,74;8,74;10,67
Dialogo LogisticaDialogo StandardRSINTERIOR I;Dialogo Logistica;Dialogo Standard;RS;INTERIOR I;5,7;5,7;5,7;5,7;5,7;5,7;6,08;6,08;6,08;6,08;6,08;6,44;6,44;6,44;6,44;6,44;6,88;6,88;6,88;6,88;6,88;8,22;8,22;8,6;9,12;9,12;11,53;11,53;13,94
Dialogo LogisticaDialogo StandardRSINTERIOR II;Dialogo Logistica;Dialogo Standard;RS;INTERIOR II;7,37;7,37;7,37;7,37;7,37;7,37;7,45;7,45;7,45;7,45;7,45;7,52;7,52;7,52;7,52;7,52;7,6;7,6;7,6;7,6;7,6;8,37;8,37;9,38;10,37;10,37;12,78;12,78;15,19
Dialogo LogisticaDialogo StandardSCCAPITAL;Dialogo Logistica;Dialogo Standard;SC;CAPITAL;7,19;7,19;7,19;7,19;7,19;7,19;7,27;7,27;7,27;7,27;7,27;7,35;7,35;7,35;7,35;7,35;7,43;7,43;7,43;7,43;7,43;7,93;7,93;9,22;10,54;10,54;13,54;13,54;16,54
Dialogo LogisticaDialogo StandardSCINTERIOR I;Dialogo Logistica;Dialogo Standard;SC;INTERIOR I;7,35;7,35;7,35;7,35;7,35;7,35;7,43;7,43;7,43;7,43;7,43;7,51;7,51;7,51;7,51;7,51;7,59;7,59;7,59;7,59;7,59;8,6;8,6;9,97;11,29;11,29;14,77;14,77;18,25
Dialogo LogisticaDialogo StandardSCINTERIOR II;Dialogo Logistica;Dialogo Standard;SC;INTERIOR II;7,75;7,75;7,75;7,75;7,75;7,75;7,83;7,83;7,83;7,83;7,83;7,91;7,91;7,91;7,91;7,91;7,99;7,99;7,99;7,99;7,99;8,79;8,79;10,16;11,51;11,51;14,99;14,99;18,47
JadlogJadlog RodoviarioACCapital;Jadlog;Jadlog Rodoviario;AC;Capital;34,71;34,71;34,71;34,71;34,71;34,71;34,71;34,71;34,71;34,71;34,71;34,71;34,71;34,71;34,71;34,71;34,71;34,71;34,71;34,71;34,71; -; -; -; -; -; -; -; -
JadlogJadlog RodoviarioACInterior;Jadlog;Jadlog Rodoviario;AC;Interior;62,18;62,18;62,18;62,18;62,18;62,18;62,18;62,18;62,18;62,18;62,18;62,18;62,18;62,18;62,18;62,18;62,18;62,18;62,18;62,18;62,18; -; -; -; -; -; -; -; -
JadlogJadlog RodoviarioALCapital;Jadlog;Jadlog Rodoviario;AL;Capital;13,47;13,47;13,47;13,47;13,47;13,47;13,47;13,47;13,47;13,47;13,47;13,47;13,47;13,47;13,47;13,47;13,47;13,47;13,47;13,47;13,47; -; -; -; -; -; -; -; -
JadlogJadlog RodoviarioALInterior;Jadlog;Jadlog Rodoviario;AL;Interior;43,67;43,67;43,67;43,67;43,67;43,67;43,67;43,67;43,67;43,67;43,67;43,67;43,67;43,67;43,67;43,67;43,67;43,67;43,67;43,67;43,67; -; -; -; -; -; -; -; -
JadlogJadlog RodoviarioAMCapital;Jadlog;Jadlog Rodoviario;AM;Capital;35,71;35,71;35,71;35,71;35,71;35,71;35,71;35,71;35,71;35,71;35,71;35,71;35,71;35,71;35,71;35,71;35,71;35,71;35,71;35,71;35,71; -; -; -; -; -; -; -; -
JadlogJadlog RodoviarioAMInterior;Jadlog;Jadlog Rodoviario;AM;Interior;71,71;71,71;71,71;71,71;71,71;71,71;71,71;71,71;71,71;71,71;71,71;71,71;71,71;71,71;71,71;71,71;71,71;71,71;71,71;71,71;71,71; -; -; -; -; -; -; -; -
JadlogJadlog RodoviarioAPCapital;Jadlog;Jadlog Rodoviario;AP;Capital;36,71;36,71;36,71;36,71;36,71;36,71;36,71;36,71;36,71;36,71;36,71;36,71;36,71;36,71;36,71;36,71;36,71;36,71;36,71;36,71;36,71; -; -; -; -; -; -; -; -
JadlogJadlog RodoviarioAPInterior;Jadlog;Jadlog Rodoviario;AP;Interior;61,89;61,89;61,89;61,89;61,89;61,89;61,89;61,89;61,89;61,89;61,89;61,89;61,89;61,89;61,89;61,89;61,89;61,89;61,89;61,89;61,89; -; -; -; -; -; -; -; -
JadlogJadlog RodoviarioBACapital;Jadlog;Jadlog Rodoviario;BA;Capital;13,47;13,47;13,47;13,47;13,47;13,47;13,47;13,47;13,47;13,47;13,47;13,47;13,47;13,47;13,47;13,47;13,47;13,47;13,47;13,47;13,47; -; -; -; -; -; -; -; -
JadlogJadlog RodoviarioBAInterior;Jadlog;Jadlog Rodoviario;BA;Interior;58,73;58,73;58,73;58,73;58,73;58,73;58,73;58,73;58,73;58,73;58,73;58,73;58,73;58,73;58,73;58,73;58,73;58,73;58,73;58,73;58,73; -; -; -; -; -; -; -; -
JadlogJadlog RodoviarioCECapital;Jadlog;Jadlog Rodoviario;CE;Capital;14,42;14,42;14,42;14,42;14,42;14,42;14,42;14,42;14,42;14,42;14,42;14,42;14,42;14,42;14,42;14,42;14,42;14,42;14,42;14,42;14,42; -; -; -; -; -; -; -; -
JadlogJadlog RodoviarioCEInterior;Jadlog;Jadlog Rodoviario;CE;Interior;47,37;47,37;47,37;47,37;47,37;47,37;47,37;47,37;47,37;47,37;47,37;47,37;47,37;47,37;47,37;47,37;47,37;47,37;47,37;47,37;47,37; -; -; -; -; -; -; -; -
JadlogJadlog RodoviarioDFCapital;Jadlog;Jadlog Rodoviario;DF;Capital;13,15;13,15;13,15;13,15;13,15;13,15;13,15;13,15;13,15;13,15;13,15;13,15;13,15;13,15;13,15;13,15;13,15;13,15;13,15;13,15;13,15; -; -; -; -; -; -; -; -
JadlogJadlog RodoviarioDFInterior;Jadlog;Jadlog Rodoviario;DF;Interior;46,35;46,35;46,35;46,35;46,35;46,35;46,35;46,35;46,35;46,35;46,35;46,35;46,35;46,35;46,35;46,35;46,35;46,35;46,35;46,35;46,35; -; -; -; -; -; -; -; -
JadlogJadlog RodoviarioESCapital;Jadlog;Jadlog Rodoviario;ES;Capital;13,15;13,15;13,15;13,15;13,15;13,15;13,15;13,15;13,15;13,15;13,15;13,15;13,15;13,15;13,15;13,15;13,15;13,15;13,15;13,15;13,15; -; -; -; -; -; -; -; -
JadlogJadlog RodoviarioESInterior;Jadlog;Jadlog Rodoviario;ES;Interior;42,01;42,01;42,01;42,01;42,01;42,01;42,01;42,01;42,01;42,01;42,01;42,01;42,01;42,01;42,01;42,01;42,01;42,01;42,01;42,01;42,01; -; -; -; -; -; -; -; -
JadlogJadlog RodoviarioGOCapital;Jadlog;Jadlog Rodoviario;GO;Capital;13,15;13,15;13,15;13,15;13,15;13,15;13,15;13,15;13,15;13,15;13,15;13,15;13,15;13,15;13,15;13,15;13,15;13,15;13,15;13,15;13,15; -; -; -; -; -; -; -; -
JadlogJadlog RodoviarioGOInterior;Jadlog;Jadlog Rodoviario;GO;Interior;46,35;46,35;46,35;46,35;46,35;46,35;46,35;46,35;46,35;46,35;46,35;46,35;46,35;46,35;46,35;46,35;46,35;46,35;46,35;46,35;46,35; -; -; -; -; -; -; -; -
JadlogJadlog RodoviarioMACapital;Jadlog;Jadlog Rodoviario;MA;Capital;13,55;13,55;13,55;13,55;13,55;13,55;13,55;13,55;13,55;13,55;13,55;13,55;13,55;13,55;13,55;13,55;13,55;13,55;13,55;13,55;13,55; -; -; -; -; -; -; -; -
JadlogJadlog RodoviarioMAInterior;Jadlog;Jadlog Rodoviario;MA;Interior;43,75;43,75;43,75;43,75;43,75;43,75;43,75;43,75;43,75;43,75;43,75;43,75;43,75;43,75;43,75;43,75;43,75;43,75;43,75;43,75;43,75; -; -; -; -; -; -; -; -
JadlogJadlog RodoviarioMGCapital;Jadlog;Jadlog Rodoviario;MG;Capital;12,51;12,51;12,51;12,51;12,51;12,51;12,51;12,51;12,51;12,51;12,51;12,51;12,51;12,51;12,51;12,51;12,51;12,51;12,51;12,51;12,51; -; -; -; -; -; -; -; -
JadlogJadlog RodoviarioMGInterior;Jadlog;Jadlog Rodoviario;MG;Interior;41,37;41,37;41,37;41,37;41,37;41,37;41,37;41,37;41,37;41,37;41,37;41,37;41,37;41,37;41,37;41,37;41,37;41,37;41,37;41,37;41,37; -; -; -; -; -; -; -; -
JadlogJadlog RodoviarioMSCapital;Jadlog;Jadlog Rodoviario;MS;Capital;13,55;13,55;13,55;13,55;13,55;13,55;13,55;13,55;13,55;13,55;13,55;13,55;13,55;13,55;13,55;13,55;13,55;13,55;13,55;13,55;13,55; -; -; -; -; -; -; -; -
JadlogJadlog RodoviarioMSInterior;Jadlog;Jadlog Rodoviario;MS;Interior;46,75;46,75;46,75;46,75;46,75;46,75;46,75;46,75;46,75;46,75;46,75;46,75;46,75;46,75;46,75;46,75;46,75;46,75;46,75;46,75;46,75; -; -; -; -; -; -; -; -
JadlogJadlog RodoviarioMTCapital;Jadlog;Jadlog Rodoviario;MT;Capital;13,71;13,71;13,71;13,71;13,71;13,71;13,71;13,71;13,71;13,71;13,71;13,71;13,71;13,71;13,71;13,71;13,71;13,71;13,71;13,71;13,71; -; -; -; -; -; -; -; -
JadlogJadlog RodoviarioMTInterior;Jadlog;Jadlog Rodoviario;MT;Interior;46,91;46,91;46,91;46,91;46,91;46,91;46,91;46,91;46,91;46,91;46,91;46,91;46,91;46,91;46,91;46,91;46,91;46,91;46,91;46,91;46,91; -; -; -; -; -; -; -; -
JadlogJadlog RodoviarioPACapital;Jadlog;Jadlog Rodoviario;PA;Capital;13,55;13,55;13,55;13,55;13,55;13,55;13,55;13,55;13,55;13,55;13,55;13,55;13,55;13,55;13,55;13,55;13,55;13,55;13,55;13,55;13,55; -; -; -; -; -; -; -; -
JadlogJadlog RodoviarioPAInterior;Jadlog;Jadlog Rodoviario;PA;Interior;71,47;71,47;71,47;71,47;71,47;71,47;71,47;71,47;71,47;71,47;71,47;71,47;71,47;71,47;71,47;71,47;71,47;71,47;71,47;71,47;71,47; -; -; -; -; -; -; -; -
JadlogJadlog RodoviarioPBCapital;Jadlog;Jadlog Rodoviario;PB;Capital;14,1;14,1;14,1;14,1;14,1;14,1;14,1;14,1;14,1;14,1;14,1;14,1;14,1;14,1;14,1;14,1;14,1;14,1;14,1;14,1;14,1; -; -; -; -; -; -; -; -
JadlogJadlog RodoviarioPBInterior;Jadlog;Jadlog Rodoviario;PB;Interior;47,3;47,3;47,3;47,3;47,3;47,3;47,3;47,3;47,3;47,3;47,3;47,3;47,3;47,3;47,3;47,3;47,3;47,3;47,3;47,3;47,3; -; -; -; -; -; -; -; -
JadlogJadlog RodoviarioPECapital;Jadlog;Jadlog Rodoviario;PE;Capital;13,78;13,78;13,78;13,78;13,78;13,78;13,78;13,78;13,78;13,78;13,78;13,78;13,78;13,78;13,78;13,78;13,78;13,78;13,78;13,78;13,78; -; -; -; -; -; -; -; -
JadlogJadlog RodoviarioPEInterior;Jadlog;Jadlog Rodoviario;PE;Interior;46,75;46,75;46,75;46,75;46,75;46,75;46,75;46,75;46,75;46,75;46,75;46,75;46,75;46,75;46,75;46,75;46,75;46,75;46,75;46,75;46,75; -; -; -; -; -; -; -; -
JadlogJadlog RodoviarioPICapital;Jadlog;Jadlog Rodoviario;PI;Capital;13,55;13,55;13,55;13,55;13,55;13,55;13,55;13,55;13,55;13,55;13,55;13,55;13,55;13,55;13,55;13,55;13,55;13,55;13,55;13,55;13,55; -; -; -; -; -; -; -; -
JadlogJadlog RodoviarioPIInterior;Jadlog;Jadlog Rodoviario;PI;Interior;46,75;46,75;46,75;46,75;46,75;46,75;46,75;46,75;46,75;46,75;46,75;46,75;46,75;46,75;46,75;46,75;46,75;46,75;46,75;46,75;46,75; -; -; -; -; -; -; -; -
JadlogJadlog RodoviarioPRCapital;Jadlog;Jadlog Rodoviario;PR;Capital;12,51;12,51;12,51;12,51;12,51;12,51;12,51;12,51;12,51;12,51;12,51;12,51;12,51;12,51;12,51;12,51;12,51;12,51;12,51;12,51;12,51; -; -; -; -; -; -; -; -
JadlogJadlog RodoviarioPRInterior;Jadlog;Jadlog Rodoviario;PR;Interior;41,37;41,37;41,37;41,37;41,37;41,37;41,37;41,37;41,37;41,37;41,37;41,37;41,37;41,37;41,37;41,37;41,37;41,37;41,37;41,37;41,37; -; -; -; -; -; -; -; -
JadlogJadlog RodoviarioRJCapital;Jadlog;Jadlog Rodoviario;RJ;Capital;12,51;12,51;12,51;12,51;12,51;12,51;12,51;12,51;12,51;12,51;12,51;12,51;12,51;12,51;12,51;12,51;12,51;12,51;12,51;12,51;12,51; -; -; -; -; -; -; -; -
JadlogJadlog RodoviarioRJInterior;Jadlog;Jadlog Rodoviario;RJ;Interior;41,37;41,37;41,37;41,37;41,37;41,37;41,37;41,37;41,37;41,37;41,37;41,37;41,37;41,37;41,37;41,37;41,37;41,37;41,37;41,37;41,37; -; -; -; -; -; -; -; -
JadlogJadlog RodoviarioRNCapital;Jadlog;Jadlog Rodoviario;RN;Capital;14,1;14,1;14,1;14,1;14,1;14,1;14,1;14,1;14,1;14,1;14,1;14,1;14,1;14,1;14,1;14,1;14,1;14,1;14,1;14,1;14,1; -; -; -; -; -; -; -; -
JadlogJadlog RodoviarioRNInterior;Jadlog;Jadlog Rodoviario;RN;Interior;44,3;44,3;44,3;44,3;44,3;44,3;44,3;44,3;44,3;44,3;44,3;44,3;44,3;44,3;44,3;44,3;44,3;44,3;44,3;44,3;44,3; -; -; -; -; -; -; -; -
JadlogJadlog RodoviarioROCapital;Jadlog;Jadlog Rodoviario;RO;Capital;14,31;14,31;14,31;14,31;14,31;14,31;14,31;14,31;14,31;14,31;14,31;14,31;14,31;14,31;14,31;14,31;14,31;14,31;14,31;14,31;14,31; -; -; -; -; -; -; -; -
JadlogJadlog RodoviarioROInterior;Jadlog;Jadlog Rodoviario;RO;Interior;64,89;64,89;64,89;64,89;64,89;64,89;64,89;64,89;64,89;64,89;64,89;64,89;64,89;64,89;64,89;64,89;64,89;64,89;64,89;64,89;64,89; -; -; -; -; -; -; -; -
JadlogJadlog RodoviarioRRCapital;Jadlog;Jadlog Rodoviario;RR;Capital;37,71;37,71;37,71;37,71;37,71;37,71;37,71;37,71;37,71;37,71;37,71;37,71;37,71;37,71;37,71;37,71;37,71;37,71;37,71;37,71;37,71; -; -; -; -; -; -; -; -
JadlogJadlog RodoviarioRRInterior;Jadlog;Jadlog Rodoviario;RR;Interior;88,29;88,29;88,29;88,29;88,29;88,29;88,29;88,29;88,29;88,29;88,29;88,29;88,29;88,29;88,29;88,29;88,29;88,29;88,29;88,29;88,29; -; -; -; -; -; -; -; -
JadlogJadlog RodoviarioRSCapital;Jadlog;Jadlog Rodoviario;RS;Capital;9,97;9,97;9,97;9,97;9,97;9,97;9,97;9,97;9,97;9,97;9,97;9,97;10,5;10,5;10,5;10,5;10,5;10,5;10,5;10,5;10,5; -; -; -; -; -; -; -; -
JadlogJadlog RodoviarioRSInterior;Jadlog;Jadlog Rodoviario;RS;Interior;41,69;41,69;41,69;41,69;41,69;41,69;41,69;41,69;41,69;41,69;41,69;41,69;41,69;41,69;41,69;41,69;41,69;41,69;41,69;41,69;41,69; -; -; -; -; -; -; -; -
JadlogJadlog RodoviarioSCCapital;Jadlog;Jadlog Rodoviario;SC;Capital;12,44;12,44;12,44;12,44;12,44;12,44;12,44;12,44;12,44;12,44;12,44;12,44;12,44;12,44;12,44;12,44;12,44;12,44;12,44;12,44;12,44; -; -; -; -; -; -; -; -
JadlogJadlog RodoviarioSCInterior;Jadlog;Jadlog Rodoviario;SC;Interior;31,86;31,86;31,86;31,86;31,86;31,86;31,86;31,86;31,86;31,86;31,86;31,86;31,86;31,86;31,86;31,86;31,86;31,86;31,86;31,86;31,86; -; -; -; -; -; -; -; -
JadlogJadlog RodoviarioSECapital;Jadlog;Jadlog Rodoviario;SE;Capital;13,47;13,47;13,47;13,47;13,47;13,47;13,47;13,47;13,47;13,47;13,47;13,47;13,47;13,47;13,47;13,47;13,47;13,47;13,47;13,47;13,47; -; -; -; -; -; -; -; -
JadlogJadlog RodoviarioSEInterior;Jadlog;Jadlog Rodoviario;SE;Interior;43,67;43,67;43,67;43,67;43,67;43,67;43,67;43,67;43,67;43,67;43,67;43,67;43,67;43,67;43,67;43,67;43,67;43,67;43,67;43,67;43,67; -; -; -; -; -; -; -; -
JadlogJadlog RodoviarioSPCapital;Jadlog;Jadlog Rodoviario;SP;Capital;9,97;9,97;9,97;9,97;9,97;9,97;9,97;9,97;9,97;9,97;9,97;9,97;10,5;10,5;10,5;10,5;10,5;10,5;10,5;10,5;10,5; -; -; -; -; -; -; -; -
JadlogJadlog RodoviarioSPInterior;Jadlog;Jadlog Rodoviario;SP;Interior;41,37;41,37;41,37;41,37;41,37;41,37;41,37;41,37;41,37;41,37;41,37;41,37;41,37;41,37;41,37;41,37;41,37;41,37;41,37;41,37;41,37; -; -; -; -; -; -; -; -
JadlogJadlog RodoviarioTOCapital;Jadlog;Jadlog Rodoviario;TO;Capital;13,55;13,55;13,55;13,55;13,55;13,55;13,55;13,55;13,55;13,55;13,55;13,55;13,55;13,55;13,55;13,55;13,55;13,55;13,55;13,55;13,55; -; -; -; -; -; -; -; -
JadlogJadlog RodoviarioTOInterior;Jadlog;Jadlog Rodoviario;TO;Interior;46,75;46,75;46,75;46,75;46,75;46,75;46,75;46,75;46,75;46,75;46,75;46,75;46,75;46,75;46,75;46,75;46,75;46,75;46,75;46,75;46,75; -; -; -; -; -; -; -; -
LoggiLoggi StandardAMAM Zona 1;Loggi;Loggi Standard;AM;AM Zona 1;8,45;8,45;8,45;8,45;8,45;8,45;8,45;8,75;8,75;8,75;8,75;9,05;9,05;9,05;9,05;9,05;9,35;9,35;9,35;9,35;9,35;9,65;9,65;9,95;10,25;10,25;23,93;26,19;29,27
LoggiLoggi StandardBABA Zona 1;Loggi;Loggi Standard;BA;BA Zona 1;8,01;8,01;8,01;8,01;8,01;8,01;8,01;8,33;8,33;8,33;8,33;8,65;8,65;8,65;8,65;8,65;8,95;8,95;8,95;8,95;8,95;9,27;9,27;9,59;9,9;9,9;21,04;22,85;25,22
LoggiLoggi StandardCECE Zona 1;Loggi;Loggi Standard;CE;CE Zona 1;8,01;8,01;8,01;8,01;8,01;8,01;8,01;8,33;8,33;8,33;8,33;8,65;8,65;8,65;8,65;8,65;8,95;8,95;8,95;8,95;8,95;9,27;9,27;9,59;9,9;9,9;23,49;25,65;28,54
LoggiLoggi StandardDFDF Zona 1;Loggi;Loggi Standard;DF;DF Zona 1;5,85;5,85;5,85;5,85;5,85;5,85;5,85;6,18;6,18;6,18;6,18;6,51;6,51;6,51;6,51;6,51;6,84;6,84;6,84;6,84;6,84;7,17;7,17;7,5;7,83;7,83;19,98;21,65;23,75
LoggiLoggi StandardGOGO Zona 1;Loggi;Loggi Standard;GO;GO Zona 1;6,26;6,26;6,26;6,26;6,26;6,26;6,26;6,59;6,59;6,59;6,59;6,92;6,92;6,92;6,92;6,92;7,25;7,25;7,25;7,25;7,25;7,58;7,58;7,91;8,24;8,24;24,02;26,15;29,01
LoggiLoggi StandardMGMG Zona 1;Loggi;Loggi Standard;MG;MG Zona 1;5,13;5,13;5,13;5,13;5,13;5,13;5,13;5,46;5,46;5,46;5,46;5,79;5,79;5,79;5,79;5,79;6,12;6,12;6,12;6,12;6,12;6,45;6,45;6,78;7,11;7,11;18,86;20,32;21,92
LoggiLoggi StandardPEPE Zona 1;Loggi;Loggi Standard;PE;PE Zona 1;8,01;8,01;8,01;8,01;8,01;8,01;8,01;8,33;8,33;8,33;8,33;8,65;8,65;8,65;8,65;8,65;8,95;8,95;8,95;8,95;8,95;9,27;9,27;9,59;9,9;9,9;24,87;27,4;30,87
LoggiLoggi StandardPRPR Zona 1;Loggi;Loggi Standard;PR;PR Zona 1;7,93;7,93;7,93;7,93;7,93;7,93;7,93;8,58;8,58;8,58;8,58;9,16;9,16;9,16;9,16;9,16;9,83;9,83;9,83;9,83;9,83;10,88;12,04;13,76;16,05;18,64;20,46;21,59;22,69
LoggiLoggi StandardRJRJ Zona 1;Loggi;Loggi Standard;RJ;RJ Zona 1;4,73;4,73;4,73;4,73;4,73;4,73;4,73;5,04;5,04;5,04;5,04;5,35;5,35;5,35;5,35;5,35;5,66;5,66;5,66;5,66;5,66;5,97;5,97;6,28;6,59;6,59;25,73;28,31;31,22
LoggiLoggi StandardRSRS Zona 1;Loggi;Loggi Standard;RS;RS Zona 1;9,03;9,03;9,03;9,03;9,03;9,03;9,03;10,82;10,82;10,82;10,82;12,43;12,43;12,43;12,43;12,43;14,24;14,24;14,24;14,24;14,24;16,42;18,72;22,14;26,7;31,55;35,89;39,81;45,1
LoggiLoggi StandardSPCampinas Zona 1;Loggi;Loggi Standard;SP;Campinas Zona 1;6,9;6,9;6,9;6,9;6,9;6,9;6,9;7,23;7,23;7,23;7,23;7,56;7,56;7,56;7,56;7,56;7,89;7,89;7,89;7,89;7,89;8,22;8,22;8,55;8,88;8,88;15,01;15,72;16,47
LoggiLoggi StandardSPRibeirão Zona 1;Loggi;Loggi Standard;SP;Ribeirão Zona 1;6,9;6,9;6,9;6,9;6,9;6,9;6,9;7,23;7,23;7,23;7,23;7,56;7,56;7,56;7,56;7,56;7,89;7,89;7,89;7,89;7,89;8,22;8,22;8,55;8,88;8,88;21,51;22,52;23,54
LoggiLoggi StandardSPSantos Zona 1;Loggi;Loggi Standard;SP;Santos Zona 1;7,52;7,52;7,52;7,52;7,52;7,52;7,52;7,85;7,85;7,85;7,85;8,18;8,18;8,18;8,18;8,18;8,51;8,51;8,51;8,51;8,51;8,84;8,84;9,17;9,5;9,5;19,87;20,72;21,49
LoggiLoggi StandardSPSão José Zona 1;Loggi;Loggi Standard;SP;São José Zona 1;7,9;7,9;7,9;7,9;7,9;7,9;7,9;8,23;8,23;8,23;8,23;8,56;8,56;8,56;8,56;8,56;8,89;8,89;8,89;8,89;8,89;9,22;9,22;9,55;9,88;9,88;21,51;22,52;23,54
LoggiLoggi StandardSPSP Zona 1;Loggi;Loggi Standard;SP;SP Zona 1;4,62;4,62;4,62;4,62;4,62;4,62;4,62;4,94;4,94;4,94;4,94;5,25;5,25;5,25;5,25;5,25;5,57;5,57;5,57;5,57;5,57;5,88;5,88;6,2;7,95;7,95;13,38;14,86;17,47
LoggiLoggi StandardSPSP Zona 2;Loggi;Loggi Standard;SP;SP Zona 2;5,15;5,15;5,15;5,15;5,15;5,15;5,15;5,46;5,46;5,46;5,46;5,78;5,78;5,78;5,78;5,78;6,09;6,09;6,09;6,09;6,09;6,41;6,41;6,72;8,63;8,63;14,47;15,82;17,96
NowlogNowlog StandardALCAP.01;Nowlog;Nowlog Standard;AL;CAP.01;10,13570674;10,13570674;10,13570674;10,13570674;10,13570674;10,13570674;10,13570674;10,13570674;10,13570674;10,13570674;10,13570674;10,13570674;10,13570674;10,13570674;10,13570674;10,13570674;10,13570674;10,13570674;10,13570674;10,13570674;10,13570674;10,13570674;10,13570674;10,13570674; -; -; -; -; -
NowlogNowlog StandardALINT.01;Nowlog;Nowlog Standard;AL;INT.01;11,65606276;11,65606276;11,65606276;11,65606276;11,65606276;11,65606276;11,65606276;11,65606276;11,65606276;11,65606276;11,65606276;11,65606276;11,65606276;11,65606276;11,65606276;11,65606276;11,65606276;11,65606276;11,65606276;11,65606276;11,65606276;11,65606276;11,65606276;11,65606276; -; -; -; -; -
NowlogNowlog StandardALINT.02;Nowlog;Nowlog Standard;AL;INT.02;26,02940684;26,02940684;26,02940684;26,02940684;26,02940684;26,02940684;26,02940684;26,02940684;26,02940684;26,02940684;26,02940684;26,02940684;26,02940684;26,02940684;26,02940684;26,02940684;26,02940684;26,02940684;26,02940684;26,02940684;26,02940684;26,02940684;26,02940684;26,02940684; -; -; -; -; -
NowlogNowlog StandardBACAP.01;Nowlog;Nowlog Standard;BA;CAP.01;9,751751562;9,751751562;9,751751562;9,751751562;9,751751562;9,751751562;9,751751562;9,751751562;9,751751562;9,751751562;9,751751562;9,751751562;9,751751562;9,751751562;9,751751562;9,751751562;9,751751562;9,751751562;9,751751562;9,751751562;9,751751562;9,751751562;9,751751562;9,751751562; -; -; -; -; -
NowlogNowlog StandardBAINT.01;Nowlog;Nowlog Standard;BA;INT.01;11,2145143;11,2145143;11,2145143;11,2145143;11,2145143;11,2145143;11,2145143;11,2145143;11,2145143;11,2145143;11,2145143;11,2145143;11,2145143;11,2145143;11,2145143;11,2145143;11,2145143;11,2145143;11,2145143;11,2145143;11,2145143;11,2145143;11,2145143;11,2145143; -; -; -; -; -
NowlogNowlog StandardBAINT.02;Nowlog;Nowlog Standard;BA;INT.02;25,72254336;25,72254336;25,72254336;25,72254336;25,72254336;25,72254336;25,72254336;25,72254336;25,72254336;25,72254336;25,72254336;25,72254336;25,72254336;25,72254336;25,72254336;25,72254336;25,72254336;25,72254336;25,72254336;25,72254336;25,72254336;25,72254336;25,72254336;25,72254336; -; -; -; -; -
NowlogNowlog StandardCECAP.01;Nowlog;Nowlog Standard;CE;CAP.01;11,18;11,18;11,18;11,18;11,18;11,18;11,18;11,18;11,18;11,18;11,18;11,18;11,18;11,18;11,18;11,18;11,18;11,18;11,18;11,18;11,18;11,18;11,18;11,18; -; -; -; -; -
NowlogNowlog StandardCEINT.01;Nowlog;Nowlog Standard;CE;INT.01;12,85;12,85;12,85;12,85;12,85;12,85;12,85;12,85;12,85;12,85;12,85;12,85;12,85;12,85;12,85;12,85;12,85;12,85;12,85;12,85;12,85;12,85;12,85;12,85; -; -; -; -; -
NowlogNowlog StandardCEINT.02;Nowlog;Nowlog Standard;CE;INT.02;26,86;26,86;26,86;26,86;26,86;26,86;26,86;26,86;26,86;26,86;26,86;26,86;26,86;26,86;26,86;26,86;26,86;26,86;26,86;26,86;26,86;26,86;26,86;26,86; -; -; -; -; -
NowlogNowlog StandardDFCAP.01;Nowlog;Nowlog Standard;DF;CAP.01;6,32;6,32;6,32;6,32;6,32;6,32;6,32;6,32;6,32;6,32;6,32;6,32;6,32;6,32;6,32;6,32;6,32;6,32;6,32;6,32;6,32;6,32;6,32;6,32; -; -; -; -; -
NowlogNowlog StandardDFINT.01;Nowlog;Nowlog Standard;DF;INT.01;10,51;10,51;10,51;10,51;10,51;10,51;10,51;10,51;10,51;10,51;10,51;10,51;10,51;10,51;10,51;10,51;10,51;10,51;10,51;10,51;10,51;10,51;10,51;10,51; -; -; -; -; -
NowlogNowlog StandardDFINT.02;Nowlog;Nowlog Standard;DF;INT.02;25;25;25;25;25;25;25;25;25;25;25;25;25;25;25;25;25;25;25;25;25;25;25;25; -; -; -; -; -
NowlogNowlog StandardESCAP.01;Nowlog;Nowlog Standard;ES;CAP.01;6,93;6,93;6,93;6,93;6,93;6,93;6,93;6,93;6,93;6,93;6,93;6,93;6,93;6,93;6,93;6,93;6,93;6,93;6,93;6,93;6,93;6,93;6,93;6,93; -; -; -; -; -
NowlogNowlog StandardESINT.01;Nowlog;Nowlog Standard;ES;INT.01;9;9;9;9;9;9;9;9;9;9;9;9;9;9;9;9;9;9;9;9;9;9;9;9; -; -; -; -; -
NowlogNowlog StandardESINT.02;Nowlog;Nowlog Standard;ES;INT.02;25,64;25,64;25,64;25,64;25,64;25,64;25,64;25,64;25,64;25,64;25,64;25,64;25,64;25,64;25,64;25,64;25,64;25,64;25,64;25,64;25,64;25,64;25,64;25,64; -; -; -; -; -
NowlogNowlog StandardGOCAP.01;Nowlog;Nowlog Standard;GO;CAP.01;6,93;6,93;6,93;6,93;6,93;6,93;6,93;6,93;6,93;6,93;6,93;6,93;6,93;6,93;6,93;6,93;6,93;6,93;6,93;6,93;6,93;6,93;6,93;6,93; -; -; -; -; -
NowlogNowlog StandardGOINT.01;Nowlog;Nowlog Standard;GO;INT.01;10,51;10,51;10,51;10,51;10,51;10,51;10,51;10,51;10,51;10,51;10,51;10,51;10,51;10,51;10,51;10,51;10,51;10,51;10,51;10,51;10,51;10,51;10,51;10,51; -; -; -; -; -
NowlogNowlog StandardGOINT.02;Nowlog;Nowlog Standard;GO;INT.02;25,23;25,23;25,23;25,23;25,23;25,23;25,23;25,23;25,23;25,23;25,23;25,23;25,23;25,23;25,23;25,23;25,23;25,23;25,23;25,23;25,23;25,23;25,23;25,23; -; -; -; -; -
NowlogNowlog StandardMACAP.01;Nowlog;Nowlog Standard;MA;CAP.01;11,96409196;11,96409196;11,96409196;11,96409196;11,96409196;11,96409196;11,96409196;11,96409196;11,96409196;11,96409196;11,96409196;11,96409196;11,96409196;11,96409196;11,96409196;11,96409196;11,96409196;11,96409196;11,96409196;11,96409196;11,96409196;11,96409196;11,96409196;11,96409196; -; -; -; -; -
NowlogNowlog StandardMAINT.01;Nowlog;Nowlog Standard;MA;INT.01;13,75870576;13,75870576;13,75870576;13,75870576;13,75870576;13,75870576;13,75870576;13,75870576;13,75870576;13,75870576;13,75870576;13,75870576;13,75870576;13,75870576;13,75870576;13,75870576;13,75870576;13,75870576;13,75870576;13,75870576;13,75870576;13,75870576;13,75870576;13,75870576; -; -; -; -; -
NowlogNowlog StandardMAINT.02;Nowlog;Nowlog Standard;MA;INT.02;27,48896982;27,48896982;27,48896982;27,48896982;27,48896982;27,48896982;27,48896982;27,48896982;27,48896982;27,48896982;27,48896982;27,48896982;27,48896982;27,48896982;27,48896982;27,48896982;27,48896982;27,48896982;27,48896982;27,48896982;27,48896982;27,48896982;27,48896982;27,48896982; -; -; -; -; -
NowlogNowlog StandardMGCAP.01;Nowlog;Nowlog Standard;MG;CAP.01;5,85;5,85;5,85;5,85;5,85;5,85;5,85;5,85;5,85;5,85;5,85;5,85;5,85;5,85;5,85;5,85;5,85;5,85;5,85;5,85;5,85;5,85;5,85;5,85; -; -; -; -; -
NowlogNowlog StandardMGINT.01;Nowlog;Nowlog Standard;MG;INT.01;9;9;9;9;9;9;9;9;9;9;9;9;9;9;9;9;9;9;9;9;9;9;9;9; -; -; -; -; -
NowlogNowlog StandardMGINT.02;Nowlog;Nowlog Standard;MG;INT.02;24,67;24,67;24,67;24,67;24,67;24,67;24,67;24,67;24,67;24,67;24,67;24,67;24,67;24,67;24,67;24,67;24,67;24,67;24,67;24,67;24,67;24,67;24,67;24,67; -; -; -; -; -
NowlogNowlog StandardMSCAP.01;Nowlog;Nowlog Standard;MS;CAP.01;9;9;9;9;9;9;9;9;9;9;9;9;9;9;9;9;9;9;9;9;9;9;9;9; -; -; -; -; -
NowlogNowlog StandardMSINT.01;Nowlog;Nowlog Standard;MS;INT.01;14,17;14,17;14,17;14,17;14,17;14,17;14,17;14,17;14,17;14,17;14,17;14,17;14,17;14,17;14,17;14,17;14,17;14,17;14,17;14,17;14,17;14,17;14,17;14,17; -; -; -; -; -
NowlogNowlog StandardMSINT.02;Nowlog;Nowlog Standard;MS;INT.02;24,88;24,88;24,88;24,88;24,88;24,88;24,88;24,88;24,88;24,88;24,88;24,88;24,88;24,88;24,88;24,88;24,88;24,88;24,88;24,88;24,88;24,88;24,88;24,88; -; -; -; -; -
NowlogNowlog StandardMTCAP.01;Nowlog;Nowlog Standard;MT;CAP.01;9,9;9,9;9,9;9,9;9,9;9,9;9,9;9,9;9,9;9,9;9,9;9,9;9,9;9,9;9,9;9,9;9,9;9,9;9,9;9,9;9,9;9,9;9,9;9,9; -; -; -; -; -
NowlogNowlog StandardMTINT.01;Nowlog;Nowlog Standard;MT;INT.01;14,17;14,17;14,17;14,17;14,17;14,17;14,17;14,17;14,17;14,17;14,17;14,17;14,17;14,17;14,17;14,17;14,17;14,17;14,17;14,17;14,17;14,17;14,17;14,17; -; -; -; -; -
NowlogNowlog StandardMTINT.02;Nowlog;Nowlog Standard;MT;INT.02;25,45;25,45;25,45;25,45;25,45;25,45;25,45;25,45;25,45;25,45;25,45;25,45;25,45;25,45;25,45;25,45;25,45;25,45;25,45;25,45;25,45;25,45;25,45;25,45; -; -; -; -; -
NowlogNowlog StandardPACAP.01;Nowlog;Nowlog Standard;PA;CAP.01;13,5;13,5;13,5;13,5;13,5;13,5;13,5;13,5;13,5;13,5;13,5;13,5;13,5;13,5;13,5;13,5;13,5;13,5;13,5;13,5;13,5;13,5;13,5;13,5; -; -; -; -; -
NowlogNowlog StandardPAINT.01;Nowlog;Nowlog Standard;PA;INT.01;18;18;18;18;18;18;18;18;18;18;18;18;18;18;18;18;18;18;18;18;18;18;18;18; -; -; -; -; -
NowlogNowlog StandardPAINT.02;Nowlog;Nowlog Standard;PA;INT.02;30,17;30,17;30,17;30,17;30,17;30,17;30,17;30,17;30,17;30,17;30,17;30,17;30,17;30,17;30,17;30,17;30,17;30,17;30,17;30,17;30,17;30,17;30,17;30,17; -; -; -; -; -
NowlogNowlog StandardPBCAP.01;Nowlog;Nowlog Standard;PB;CAP.01;10,50961878;10,50961878;10,50961878;10,50961878;10,50961878;10,50961878;10,50961878;10,50961878;10,50961878;10,50961878;10,50961878;10,50961878;10,50961878;10,50961878;10,50961878;10,50961878;10,50961878;10,50961878;10,50961878;10,50961878;10,50961878;10,50961878;10,50961878;10,50961878; -; -; -; -; -
NowlogNowlog StandardPBINT.01;Nowlog;Nowlog Standard;PB;INT.01;12,08606159;12,08606159;12,08606159;12,08606159;12,08606159;12,08606159;12,08606159;12,08606159;12,08606159;12,08606159;12,08606159;12,08606159;12,08606159;12,08606159;12,08606159;12,08606159;12,08606159;12,08606159;12,08606159;12,08606159;12,08606159;12,08606159;12,08606159;12,08606159; -; -; -; -; -
NowlogNowlog StandardPBINT.02;Nowlog;Nowlog Standard;PB;INT.02;26,32043856;26,32043856;26,32043856;26,32043856;26,32043856;26,32043856;26,32043856;26,32043856;26,32043856;26,32043856;26,32043856;26,32043856;26,32043856;26,32043856;26,32043856;26,32043856;26,32043856;26,32043856;26,32043856;26,32043856;26,32043856;26,32043856;26,32043856;26,32043856; -; -; -; -; -
NowlogNowlog StandardPECAP.01;Nowlog;Nowlog Standard;PE;CAP.01;10,39170583;10,39170583;10,39170583;10,39170583;10,39170583;10,39170583;10,39170583;10,39170583;10,39170583;10,39170583;10,39170583;10,39170583;10,39170583;10,39170583;10,39170583;10,39170583;10,39170583;10,39170583;10,39170583;10,39170583;10,39170583;10,39170583;10,39170583;10,39170583; -; -; -; -; -
NowlogNowlog StandardPEINT.01;Nowlog;Nowlog Standard;PE;INT.01;11,9504617;11,9504617;11,9504617;11,9504617;11,9504617;11,9504617;11,9504617;11,9504617;11,9504617;11,9504617;11,9504617;11,9504617;11,9504617;11,9504617;11,9504617;11,9504617;11,9504617;11,9504617;11,9504617;11,9504617;11,9504617;11,9504617;11,9504617;11,9504617; -; -; -; -; -
NowlogNowlog StandardPEINT.02;Nowlog;Nowlog Standard;PE;INT.02;26,23426097;26,23426097;26,23426097;26,23426097;26,23426097;26,23426097;26,23426097;26,23426097;26,23426097;26,23426097;26,23426097;26,23426097;26,23426097;26,23426097;26,23426097;26,23426097;26,23426097;26,23426097;26,23426097;26,23426097;26,23426097;26,23426097;26,23426097;26,23426097; -; -; -; -; -
NowlogNowlog StandardPICAP.01;Nowlog;Nowlog Standard;PI;CAP.01;11,53239904;11,53239904;11,53239904;11,53239904;11,53239904;11,53239904;11,53239904;11,53239904;11,53239904;11,53239904;11,53239904;11,53239904;11,53239904;11,53239904;11,53239904;11,53239904;11,53239904;11,53239904;11,53239904;11,53239904;11,53239904;11,53239904;11,53239904;11,53239904; -; -; -; -; -
NowlogNowlog StandardPIINT.01;Nowlog;Nowlog Standard;PI;INT.01;13,2622589;13,2622589;13,2622589;13,2622589;13,2622589;13,2622589;13,2622589;13,2622589;13,2622589;13,2622589;13,2622589;13,2622589;13,2622589;13,2622589;13,2622589;13,2622589;13,2622589;13,2622589;13,2622589;13,2622589;13,2622589;13,2622589;13,2622589;13,2622589; -; -; -; -; -
NowlogNowlog StandardPIINT.02;Nowlog;Nowlog Standard;PI;INT.02;27,13715453;27,13715453;27,13715453;27,13715453;27,13715453;27,13715453;27,13715453;27,13715453;27,13715453;27,13715453;27,13715453;27,13715453;27,13715453;27,13715453;27,13715453;27,13715453;27,13715453;27,13715453;27,13715453;27,13715453;27,13715453;27,13715453;27,13715453;27,13715453; -; -; -; -; -
NowlogNowlog StandardRNCAP.01;Nowlog;Nowlog Standard;RN;CAP.01;10,68255305;10,68255305;10,68255305;10,68255305;10,68255305;10,68255305;10,68255305;10,68255305;10,68255305;10,68255305;10,68255305;10,68255305;10,68255305;10,68255305;10,68255305;10,68255305;10,68255305;10,68255305;10,68255305;10,68255305;10,68255305;10,68255305;10,68255305;10,68255305; -; -; -; -; -
NowlogNowlog StandardRNINT.01;Nowlog;Nowlog Standard;RN;INT.01;12,28493601;12,28493601;12,28493601;12,28493601;12,28493601;12,28493601;12,28493601;12,28493601;12,28493601;12,28493601;12,28493601;12,28493601;12,28493601;12,28493601;12,28493601;12,28493601;12,28493601;12,28493601;12,28493601;12,28493601;12,28493601;12,28493601;12,28493601;12,28493601; -; -; -; -; -
NowlogNowlog StandardRNINT.02;Nowlog;Nowlog Standard;RN;INT.02;26,46643367;26,46643367;26,46643367;26,46643367;26,46643367;26,46643367;26,46643367;26,46643367;26,46643367;26,46643367;26,46643367;26,46643367;26,46643367;26,46643367;26,46643367;26,46643367;26,46643367;26,46643367;26,46643367;26,46643367;26,46643367;26,46643367;26,46643367;26,46643367; -; -; -; -; -
NowlogNowlog StandardSECAP.01;Nowlog;Nowlog Standard;SE;CAP.01;9,905351648;9,905351648;9,905351648;9,905351648;9,905351648;9,905351648;9,905351648;9,905351648;9,905351648;9,905351648;9,905351648;9,905351648;9,905351648;9,905351648;9,905351648;9,905351648;9,905351648;9,905351648;9,905351648;9,905351648;9,905351648;9,905351648;9,905351648;9,905351648; -; -; -; -; -
NowlogNowlog StandardSEINT.01;Nowlog;Nowlog Standard;SE;INT.01;11,39115439;11,39115439;11,39115439;11,39115439;11,39115439;11,39115439;11,39115439;11,39115439;11,39115439;11,39115439;11,39115439;11,39115439;11,39115439;11,39115439;11,39115439;11,39115439;11,39115439;11,39115439;11,39115439;11,39115439;11,39115439;11,39115439;11,39115439;11,39115439; -; -; -; -; -
NowlogNowlog StandardSEINT.02;Nowlog;Nowlog Standard;SE;INT.02;25,84552845;25,84552845;25,84552845;25,84552845;25,84552845;25,84552845;25,84552845;25,84552845;25,84552845;25,84552845;25,84552845;25,84552845;25,84552845;25,84552845;25,84552845;25,84552845;25,84552845;25,84552845;25,84552845;25,84552845;25,84552845;25,84552845;25,84552845;25,84552845; -; -; -; -; -
NowlogNowlog StandardTOCAP.01;Nowlog;Nowlog Standard;TO;CAP.01;13,5;13,5;13,5;13,5;13,5;13,5;13,5;13,5;13,5;13,5;13,5;13,5;13,5;13,5;13,5;13,5;13,5;13,5;13,5;13,5;13,5;13,5;13,5;13,5; -; -; -; -; -
NowlogNowlog StandardTOINT.01;Nowlog;Nowlog Standard;TO;INT.01;18;18;18;18;18;18;18;18;18;18;18;18;18;18;18;18;18;18;18;18;18;18;18;18; -; -; -; -; -
NowlogNowlog StandardTOINT.02;Nowlog;Nowlog Standard;TO;INT.02;28,14;28,14;28,14;28,14;28,14;28,14;28,14;28,14;28,14;28,14;28,14;28,14;28,14;28,14;28,14;28,14;28,14;28,14;28,14;28,14;28,14;28,14;28,14;28,14; -; -; -; -; -
SpeedlogSpeedlog StandardACCapital;Speedlog;Speedlog Standard;AC;Capital;25,65;25,65;25,65;25,65;25,65;25,65;25,65;26,15;26,15;26,15;26,15;26,3;26,3;26,3;26,3;26,3;31,61;31,61;31,61;31,61;31,61;31,86;31,86;38,38;63,59;63,59;84,7;84,7;117,44
SpeedlogSpeedlog StandardACInterior;Speedlog;Speedlog Standard;AC;Interior;31,22;31,22;31,22;31,22;31,22;31,22;31,22;31,22;31,22;31,22;31,22;31,22;31,22;31,22;31,22;31,22;33,46;33,46;33,46;33,46;33,46;33,46;33,46;40,8;67,58;67,58;90,03;90,03;124,83
SpeedlogSpeedlog StandardALCapital;Speedlog;Speedlog Standard;AL;Capital;19,81;19,81;19,81;19,81;19,81;19,81;19,81;20,31;20,31;20,31;20,31;20,46;20,46;20,46;20,46;20,46;26,59;26,59;26,59;26,59;26,59;26,84;26,84;31,09;34,08;34,08;38,78;38,78;47,73
SpeedlogSpeedlog StandardALInterior;Speedlog;Speedlog Standard;AL;Interior;35,71;35,71;35,71;35,71;35,71;35,71;35,71;35,71;35,71;35,71;35,71;37,61;37,61;37,61;37,61;37,61;37,61;37,61;37,61;37,61;37,61;37,61;37,61;49,65;61,72;61,72;74,29;74,29;86,37
SpeedlogSpeedlog StandardAMCapital;Speedlog;Speedlog Standard;AM;Capital;25,65;25,65;25,65;25,65;25,65;25,65;25,65;26,15;26,15;26,15;26,15;26,3;26,3;26,3;26,3;26,3;31,61;31,61;31,61;31,61;31,61;31,86;31,86;37,04;41,62;41,62;51,92;51,92;66,36
SpeedlogSpeedlog StandardAMInterior;Speedlog;Speedlog Standard;AM;Interior;49,64;49,64;49,64;49,64;49,64;49,64;49,64;49,64;49,64;49,64;49,64;51,53;51,53;51,53;51,53;51,53;51,53;51,53;51,53;51,53;51,53;51,53;51,53;77,52;103,55;103,55;130,05;130,05;156,06
SpeedlogSpeedlog StandardAPCapital;Speedlog;Speedlog Standard;AP;Capital;25,65;25,65;25,65;25,65;25,65;25,65;25,65;26,15;26,15;26,15;26,15;26,3;26,3;26,3;26,3;26,3;31,61;31,61;31,61;31,61;31,61;39,37;39,37;54,99;90,97;90,97;125,6;125,6;159,3
SpeedlogSpeedlog StandardAPInterior;Speedlog;Speedlog Standard;AP;Interior;31,22;31,22;31,22;31,22;31,22;31,22;31,22;31,22;31,22;31,22;31,22;31,22;31,22;31,22;31,22;31,22;33,46;33,46;33,46;33,46;33,46;40,79;40,79;58,46;96,69;96,69;133,5;133,5;169,32
SpeedlogSpeedlog StandardBACapital;Speedlog;Speedlog Standard;BA;Capital;19,81;19,81;19,81;19,81;19,81;19,81;19,81;20,31;20,31;20,31;20,31;20,46;20,46;20,46;20,46;20,46;26,59;26,59;26,59;26,59;26,59;26,84;26,84;31,09;34,08;34,08;36,39;36,39;38,9
SpeedlogSpeedlog StandardBAInterior;Speedlog;Speedlog Standard;BA;Interior;26,13;26,13;26,13;26,13;26,13;26,13;26,13;26,13;26,13;26,13;26,13;26,13;26,13;26,13;26,13;26,13;28,01;28,01;28,01;28,01;28,01;28,01;28,01;33,72;36,93;36,93;39,46;39,46;42,18
SpeedlogSpeedlog StandardCECapital;Speedlog;Speedlog Standard;CE;Capital;25,65;25,65;25,65;25,65;25,65;25,65;25,65;26,15;26,15;26,15;26,15;26,3;26,3;26,3;26,3;26,3;31,61;31,61;31,61;31,61;31,61;31,86;31,86;37,04;40,55;40,55;43,27;43,27;52,14
SpeedlogSpeedlog StandardCEInterior;Speedlog;Speedlog Standard;CE;Interior;36,5;36,5;36,5;36,5;36,5;36,5;36,5;36,5;36,5;36,5;36,5;38,4;38,4;38,4;38,4;38,4;38,4;38,4;38,4;38,4;38,4;38,4;38,4;51,27;64,14;64,14;77,49;77,49;90,38
SpeedlogSpeedlog StandardDFCapital;Speedlog;Speedlog Standard;DF;Capital;17,64;17,64;17,64;17,64;17,64;17,64;17,64;18,14;18,14;18,14;18,14;18,29;18,29;18,29;18,29;18,29;20,58;20,58;20,58;20,58;20,58;20,83;20,83;23,87;26,13;26,13;27,89;27,89;29,81
SpeedlogSpeedlog StandardDFInterior;Speedlog;Speedlog Standard;DF;Interior;28,29;28,29;28,29;28,29;28,29;28,29;28,29;28,29;28,29;28,29;28,29;30,18;30,18;30,18;30,18;30,18;30,18;30,18;30,18;30,18;30,18;30,18;30,18;34,83;39,5;39,5;44,65;44,65;49,32
SpeedlogSpeedlog StandardESCapital;Speedlog;Speedlog Standard;ES;Capital;17,64;17,64;17,64;17,64;17,64;17,64;17,64;18,14;18,14;18,14;18,14;18,29;18,29;18,29;18,29;18,29;20,58;20,58;20,58;20,58;20,58;20,83;20,83;23,87;26,13;26,13;27,89;27,89;29,81
SpeedlogSpeedlog StandardESInterior;Speedlog;Speedlog Standard;ES;Interior;20,17;20,17;20,17;20,17;20,17;20,17;20,17;20,17;20,17;20,17;20,17;20,17;20,17;20,17;20,17;20,17;21,62;21,62;21,62;21,62;21,62;21,62;21,62;25,98;28,46;28,46;30,39;30,39;32,48
SpeedlogSpeedlog StandardGOCapital;Speedlog;Speedlog Standard;GO;Capital;17,64;17,64;17,64;17,64;17,64;17,64;17,64;18,14;18,14;18,14;18,14;18,29;18,29;18,29;18,29;18,29;22,74;22,74;22,74;22,74;22,74;22,99;22,99;26,44;28,95;28,95;30,91;30,91;33,03
SpeedlogSpeedlog StandardGOInterior;Speedlog;Speedlog Standard;GO;Interior;22,36;22,36;22,36;22,36;22,36;22,36;22,36;22,36;22,36;22,36;22,36;22,36;22,36;22,36;22,36;22,36;23,94;23,94;23,94;23,94;23,94;23,94;23,94;28,81;31,54;31,54;33,67;33,67;35,98
SpeedlogSpeedlog StandardMACapital;Speedlog;Speedlog Standard;MA;Capital;25,65;25,65;25,65;25,65;25,65;25,65;25,65;26,15;26,15;26,15;26,15;26,3;26,3;26,3;26,3;26,3;31,61;31,61;31,61;31,61;31,61;31,86;31,86;37,04;40,55;40,55;43,27;43,27;52,59
SpeedlogSpeedlog StandardMAInterior;Speedlog;Speedlog Standard;MA;Interior;31,22;31,22;31,22;31,22;31,22;31,22;31,22;31,22;31,22;31,22;31,22;31,22;31,22;31,22;31,22;31,22;33,46;33,46;33,46;33,46;33,46;33,78;33,78;48,52;90,17;90,17;112,81;112,81;160,54
SpeedlogSpeedlog StandardMGCapital;Speedlog;Speedlog Standard;MG;Capital;10,94;10,94;10,94;10,94;10,94;10,94;10,94;11,44;11,44;11,44;11,44;11,59;11,59;11,59;11,59;11,59;18,52;18,52;18,52;18,52;18,52;18,77;18,77;21,4;23,47;23,47;25,05;25,05;26,81
SpeedlogSpeedlog StandardMGInterior;Speedlog;Speedlog Standard;MG;Interior;18,25;18,25;18,25;18,25;18,25;18,25;18,25;18,25;18,25;18,25;18,25;18,25;18,25;18,25;18,25;18,25;19,56;19,56;19,56;19,56;19,56;19,56;19,56;23,41;25,69;25,69;27,43;27,43;29,35
SpeedlogSpeedlog StandardMSCapital;Speedlog;Speedlog Standard;MS;Capital;17,64;17,64;17,64;17,64;17,64;17,64;17,64;18,14;18,14;18,14;18,14;18,29;18,29;18,29;18,29;18,29;20,58;20,58;20,58;20,58;20,58;20,83;20,83;23,87;26,13;26,13;27,89;27,89;29,81
SpeedlogSpeedlog StandardMSInterior;Speedlog;Speedlog Standard;MS;Interior;20,17;20,17;20,17;20,17;20,17;20,17;20,17;20,17;20,17;20,17;20,17;20,17;20,17;20,17;20,17;20,17;21,62;21,62;21,62;21,62;21,62;21,62;21,62;25,98;28,46;28,46;30,39;30,39;32,48
SpeedlogSpeedlog StandardMTCapital;Speedlog;Speedlog Standard;MT;Capital;19,81;19,81;19,81;19,81;19,81;19,81;19,81;20,31;20,31;20,31;20,31;20,46;20,46;20,46;20,46;20,46;26,59;26,59;26,59;26,59;26,59;26,84;26,84;31,09;34,08;34,08;36,39;36,39;38,9
SpeedlogSpeedlog StandardMTInterior;Speedlog;Speedlog Standard;MT;Interior;26,13;26,13;26,13;26,13;26,13;26,13;26,13;26,13;26,13;26,13;26,13;26,13;26,13;26,13;26,13;26,13;28,01;28,01;28,01;28,01;28,01;28,01;28,01;33,72;36,93;36,93;39,46;39,46;42,18
SpeedlogSpeedlog StandardPACapital;Speedlog;Speedlog Standard;PA;Capital;25,65;25,65;25,65;25,65;25,65;25,65;25,65;26,15;26,15;26,15;26,15;26,3;26,3;26,3;26,3;26,3;31,61;31,61;31,61;31,61;31,61;31,86;31,86;37,04;40,55;40,55;43,27;43,27;52,6
SpeedlogSpeedlog StandardPAInterior;Speedlog;Speedlog Standard;PA;Interior;31,22;31,22;31,22;31,22;31,22;31,22;31,22;31,22;31,22;31,22;31,22;31,22;31,22;31,22;31,22;31,22;33,46;33,46;33,46;33,46;33,46;33,46;33,46;40,15;52,3;52,3;65,29;65,29;81,99
SpeedlogSpeedlog StandardPBCapital;Speedlog;Speedlog Standard;PB;Capital;19,81;19,81;19,81;19,81;19,81;19,81;19,81;20,31;20,31;20,31;20,31;20,46;20,46;20,46;20,46;20,46;31,61;31,61;31,61;31,61;31,61;31,86;31,86;37,04;40,55;40,55;43,27;43,27;46,22
SpeedlogSpeedlog StandardPBInterior;Speedlog;Speedlog Standard;PB;Interior;31,22;31,22;31,22;31,22;31,22;31,22;31,22;31,22;31,22;31,22;31,22;31,22;31,22;31,22;31,22;31,22;33,46;33,46;33,46;33,46;33,46;33,46;33,46;40,15;43,96;43,96;46,9;46,9;50,12
SpeedlogSpeedlog StandardPECapital;Speedlog;Speedlog Standard;PE;Capital;19,81;19,81;19,81;19,81;19,81;19,81;19,81;20,31;20,31;20,31;20,31;20,46;20,46;20,46;20,46;20,46;31,61;31,61;31,61;31,61;31,61;31,86;31,86;37,04;40,55;40,55;43,27;43,27;52,69
SpeedlogSpeedlog StandardPEInterior;Speedlog;Speedlog Standard;PE;Interior;31,22;31,22;31,22;31,22;31,22;31,22;31,22;31,22;31,22;31,22;31,22;31,22;31,22;31,22;31,22;31,22;33,46;33,46;33,46;33,46;33,46;33,46;33,46;40,15;43,96;43,96;46,9;46,9;55,97
SpeedlogSpeedlog StandardPICapital;Speedlog;Speedlog Standard;PI;Capital;25,65;25,65;25,65;25,65;25,65;25,65;25,65;26,15;26,15;26,15;26,15;26,3;26,3;26,3;26,3;26,3;31,61;31,61;31,61;31,61;31,61;31,86;31,86;37,04;40,55;40,55;43,27;43,27;48,21
SpeedlogSpeedlog StandardPIInterior;Speedlog;Speedlog Standard;PI;Interior;36,3;36,3;36,3;36,3;36,3;36,3;36,3;36,3;36,3;36,3;36,3;38,2;38,2;38,2;38,2;38,2;38,2;38,2;38,2;38,2;38,2;38,2;38,2;50,86;63,55;63,55;76,72;76,72;89,4
SpeedlogSpeedlog StandardPRCapital;Speedlog;Speedlog Standard;PR;Capital;10,94;10,94;10,94;10,94;10,94;10,94;10,94;11,44;11,44;11,44;11,44;11,59;11,59;11,59;11,59;11,59;18,52;18,52;18,52;18,52;18,52;18,77;18,77;21,4;23,47;23,47;25,05;25,05;26,81
SpeedlogSpeedlog StandardPRInterior;Speedlog;Speedlog Standard;PR;Interior;18,25;18,25;18,25;18,25;18,25;18,25;18,25;18,25;18,25;18,25;18,25;18,25;18,25;18,25;18,25;18,25;19,56;19,56;19,56;19,56;19,56;19,56;19,56;23,41;25,69;25,69;27,43;27,43;29,35
SpeedlogSpeedlog StandardRJCapital;Speedlog;Speedlog Standard;RJ;Capital;8,93;8,93;8,93;8,93;8,93;8,93;8,93;8,93;8,93;8,93;8,93;8,93;8,93;8,93;8,93;8,93;8,93;8,93;8,93;8,93;8,93;11,45;11,45;12,06;13,34;13,34;15,03;15,03;16,1
SpeedlogSpeedlog StandardRJInterior;Speedlog;Speedlog Standard;RJ;Interior;18,25;18,25;18,25;18,25;18,25;18,25;18,25;18,25;18,25;18,25;18,25;19,56;19,56;19,56;19,56;19,56;19,56;19,56;19,56;19,56;19,56;19,56;19,56;23,41;25,69;25,69;27,43;27,43;29,35
SpeedlogSpeedlog StandardRNCapital;Speedlog;Speedlog Standard;RN;Capital;25,65;25,65;25,65;25,65;25,65;25,65;25,65;26,15;26,15;26,15;26,15;26,3;26,3;26,3;26,3;26,3;31,61;31,61;31,61;31,61;31,61;31,86;31,86;37,04;40,55;40,55;43,27;43,27;46,22
SpeedlogSpeedlog StandardRNInterior;Speedlog;Speedlog Standard;RN;Interior;31,22;31,22;31,22;31,22;31,22;31,22;31,22;31,22;31,22;31,22;31,22;31,22;31,22;31,22;31,22;31,22;33,46;33,46;33,46;33,46;33,46;33,46;33,46;40,15;43,96;43,96;46,9;46,9;50,12
SpeedlogSpeedlog StandardROCapital;Speedlog;Speedlog Standard;RO;Capital;25,65;25,65;25,65;25,65;25,65;25,65;25,65;26,15;26,15;26,15;26,15;26,3;26,3;26,3;26,3;26,3;31,61;31,61;31,61;31,61;31,61;31,86;31,86;37,04;53,06;53,06;77,38;77,38;91,74
SpeedlogSpeedlog StandardROInterior;Speedlog;Speedlog Standard;RO;Interior;52,25;52,25;52,25;52,25;52,25;52,25;52,25;52,25;52,25;52,25;52,25;54,14;54,14;54,14;54,14;54,14;54,14;54,14;54,14;54,14;54,14;54,14;54,14;82,76;111,39;111,39;140,5;140,5;169,11
SpeedlogSpeedlog StandardRRCapital;Speedlog;Speedlog Standard;RR;Capital;25,65;25,65;25,65;25,65;25,65;25,65;25,65;26,15;26,15;26,15;26,15;26,3;26,3;26,3;26,3;26,3;37,48;37,48;37,48;37,48;37,48;37,73;37,73;43,97;64;64;86,95;86,95;109,63
SpeedlogSpeedlog StandardRRInterior;Speedlog;Speedlog Standard;RR;Interior;42,49;42,49;42,49;42,49;42,49;42,49;42,49;42,49;42,49;42,49;42,49;44,4;44,4;44,4;44,4;44,4;44,4;44,4;44,4;44,4;44,4;44,4;44,4;63,25;82,1;82,1;101,47;101,47;120,33
SpeedlogSpeedlog StandardRSCapital;Speedlog;Speedlog Standard;RS;Capital;17,64;17,64;17,64;17,64;17,64;17,64;17,64;18,14;18,14;18,14;18,14;19,58;19,58;19,58;19,58;19,58;20,58;20,58;20,58;20,58;20,58;20,83;20,83;23,87;26,13;26,13;27,89;27,89;29,81
SpeedlogSpeedlog StandardRSInterior;Speedlog;Speedlog Standard;RS;Interior;20,17;20,17;20,17;20,17;20,17;20,17;20,17;20,17;20,17;20,17;20,17;20,17;20,17;20,17;20,17;20,17;21,62;21,62;21,62;21,62;21,62;21,62;21,62;25,98;28,46;28,46;30,39;30,39;32,48
SpeedlogSpeedlog StandardSCCapital;Speedlog;Speedlog Standard;SC;Capital;10,94;10,94;10,94;10,94;10,94;10,94;10,94;11,44;11,44;11,44;11,44;11,59;11,59;11,59;11,59;11,59;18,52;18,52;18,52;18,52;18,52;18,77;18,77;21,4;23,47;23,47;25,05;25,05;26,81
SpeedlogSpeedlog StandardSCInterior;Speedlog;Speedlog Standard;SC;Interior;18,25;18,25;18,25;18,25;18,25;18,25;18,25;18,25;18,25;18,25;18,25;18,25;18,25;18,25;18,25;18,25;19,56;19,56;19,56;19,56;19,56;19,56;19,56;23,41;25,69;25,69;27,43;27,43;29,35
SpeedlogSpeedlog StandardSECapital;Speedlog;Speedlog Standard;SE;Capital;19,81;19,81;19,81;19,81;19,81;19,81;19,81;20,31;20,31;20,31;20,31;20,46;20,46;20,46;20,46;20,46;26,59;26,59;26,59;26,59;26,59;26,84;26,84;31,09;35,92;35,92;45,76;45,76;57,26
SpeedlogSpeedlog StandardSEInterior;Speedlog;Speedlog Standard;SE;Interior;26,13;26,13;26,13;26,13;26,13;26,13;26,13;26,13;26,13;26,13;26,13;26,13;26,13;26,13;26,13;26,13;28,01;28,01;28,01;28,01;28,01;28,01;28,01;33,72;38,19;38,19;48,64;48,64;60,86
SpeedlogSpeedlog StandardSPCapital;Speedlog;Speedlog Standard;SP;Capital;7,85;7,85;7,85;7,85;7,85;7,85;7,85;7,85;7,85;7,85;7,85;7,85;7,85;7,85;7,85;7,85;7,85;7,85;7,85;7,85;7,85;9,54;9,54;10,05;11,12;11,12;12,53;12,53;13,42
SpeedlogSpeedlog StandardSPInterior;Speedlog;Speedlog Standard;SP;Interior;9,9;9,9;9,9;9,9;9,9;9,9;9,9;9,9;9,9;9,9;9,9;9,9;9,9;9,9;9,9;9,9;9,9;9,9;9,9;9,9;9,9;14,01;14,01;14,46;15,35;15,35;16,38;16,38;17,51
SpeedlogSpeedlog StandardTOCapital;Speedlog;Speedlog Standard;TO;Capital;19,81;19,81;19,81;19,81;19,81;19,81;19,81;20,31;20,31;20,31;20,31;20,46;20,46;20,46;20,46;20,46;22,74;22,74;22,74;22,74;22,74;22,99;22,99;26,44;34,21;34,21;43,71;43,71;54,05
SpeedlogSpeedlog StandardTOInterior;Speedlog;Speedlog Standard;TO;Interior;37,31;37,31;37,31;37,31;37,31;37,31;37,31;37,31;37,31;37,31;37,31;39,21;39,21;39,21;39,21;39,21;39,21;39,21;39,21;39,21;39,21;39,21;39,21;52,87;66,54;66,54;80,73;80,73;94,4
TransfolhaTransfolha TerrestreDFCAP;Transfolha;Transfolha Terrestre;DF;CAP;5,95;5,95;5,95;5,95;5,95;5,95;7,13;7,13;7,13;7,13;7,13;8,31;8,31;8,31;8,31;8,31;9,5;9,5;9,5;9,5;9,5;11,11;11,11;12,7;14,28;15,89;19,07;19,07;22,26
TransfolhaTransfolha TerrestreDFINT;Transfolha;Transfolha Terrestre;DF;INT;7,44;7,44;7,44;7,44;7,44;7,44;8,91;8,91;8,91;8,91;8,91;10,38;10,38;10,38;10,38;10,38;11,89;11,89;11,89;11,89;11,89;13,88;13,88;15,86;17,87;19,86;23,83;23,83;27,82
TransfolhaTransfolha TerrestreESCAP;Transfolha;Transfolha Terrestre;ES;CAP;5,95;5,95;5,95;5,95;5,95;5,95;7,13;7,13;7,13;7,13;7,13;8,31;8,31;8,31;8,31;8,31;9,5;9,5;9,5;9,5;9,5;11,11;11,11;12,7;14,28;15,89;19,07;19,07;22,26
TransfolhaTransfolha TerrestreESINT;Transfolha;Transfolha Terrestre;ES;INT;7,44;7,44;7,44;7,44;7,44;7,44;8,91;8,91;8,91;8,91;8,91;10,38;10,38;10,38;10,38;10,38;11,89;11,89;11,89;11,89;11,89;13,88;13,88;15,86;17,87;19,86;23,83;23,83;27,82
TransfolhaTransfolha TerrestreESINT 1;Transfolha;Transfolha Terrestre;ES;INT 1;11,17;11,17;11,17;11,17;11,17;11,17;13,37;13,37;13,37;13,37;13,37;15,57;15,57;15,57;15,57;15,57;17,83;17,83;17,83;17,83;17,83;20,83;20,83;23,81;26,8;29,78;35,76;35,76;41,74
TransfolhaTransfolha TerrestreGOCAP;Transfolha;Transfolha Terrestre;GO;CAP;6;6;6;6;6;6;7,22;7,22;7,22;7,22;7,22;8,42;8,42;8,42;8,42;8,42;9,68;9,68;9,68;9,68;9,68;11,36;11,36;13,03;14,71;16,4;19,74;19,74;23,1
TransfolhaTransfolha TerrestreGOINT;Transfolha;Transfolha Terrestre;GO;INT;7,5;7,5;7,5;7,5;7,5;7,5;9,02;9,02;9,02;9,02;9,02;10,54;10,54;10,54;10,54;10,54;12,1;12,1;12,1;12,1;12,1;14,19;14,19;16,29;18,38;20,48;24,67;24,67;28,88
TransfolhaTransfolha TerrestreMGCAP;Transfolha;Transfolha Terrestre;MG;CAP;7,84;7,84;7,84;7,84;7,84;7,84;9,17;9,17;9,17;9,17;9,17;10,53;10,53;10,53;10,53;10,53;11,89;11,89;11,89;11,89;11,89;13,55;13,55;15,16;16,81;18,42;21,68;21,68;24,95
TransfolhaTransfolha TerrestreMGINT;Transfolha;Transfolha Terrestre;MG;INT;8,99;8,99;8,99;8,99;8,99;8,99;10,54;10,54;10,54;10,54;10,54;12,06;12,06;12,06;12,06;12,06;13,64;13,64;13,64;13,64;13,64;15,52;15,52;17,37;19,22;21,08;24,79;24,79;28,5
TransfolhaTransfolha TerrestreMGINT 1;Transfolha;Transfolha Terrestre;MG;INT 1;13,77;13,77;13,77;13,77;13,77;13,77;13,77;13,77;13,77;13,77;13,77;14,76;14,76;14,76;14,76;14,76;14,76;14,76;14,76;14,76;14,76;16,23;16,23;17,68;19,39;21,08;24,79;24,79;28,5
TransfolhaTransfolha TerrestreMSCAP;Transfolha;Transfolha Terrestre;MS;CAP;8,77;8,77;8,77;8,77;8,77;8,77;9,79;9,79;9,79;9,79;9,79;10,7;10,7;10,7;10,7;10,7;11,57;11,57;11,57;11,57;11,57;14,09;14,09;16,67;19,24;21,89;27,19;27,19;32,55
TransfolhaTransfolha TerrestreMSINT;Transfolha;Transfolha Terrestre;MS;INT;10,97;10,97;10,97;10,97;10,97;10,97;12,25;12,25;12,25;12,25;12,25;13,37;13,37;13,37;13,37;13,37;14,47;14,47;14,47;14,47;14,47;17,6;17,6;20,84;24,05;27,36;33,98;33,98;40,7
TransfolhaTransfolha TerrestrePRCAP;Transfolha;Transfolha Terrestre;PR;CAP;7,32;7,32;7,32;7,32;7,32;7,32;8,72;8,72;8,72;8,72;8,72;10,14;10,14;10,14;10,14;10,14;11,58;11,58;11,58;11,58;11,58;13,41;13,41;15,29;17,12;18,96;22,68;22,68;26,34
TransfolhaTransfolha TerrestrePRINT;Transfolha;Transfolha Terrestre;PR;INT;8,41;8,41;8,41;8,41;8,41;8,41;10;10;10;10;10;11,62;11,62;11,62;11,62;11,62;13,31;13,31;13,31;13,31;13,31;15,4;15,4;17,5;19,59;21,69;25,89;25,89;30,1
TransfolhaTransfolha TerrestrePRINT 1;Transfolha;Transfolha Terrestre;PR;INT 1;17,82;17,82;17,82;17,82;17,82;17,82;19,48;19,48;19,48;19,48;19,48;21,14;21,14;21,14;21,14;21,14;23,03;23,03;23,03;23,03;23,03;24,24;24,24;24,76;24,76;25,27;25,89;25,89;30,1
TransfolhaTransfolha TerrestreRJRJ 1;Transfolha;Transfolha Terrestre;RJ;RJ 1;7,26;7,26;7,26;7,26;7,26;7,26;8,19;8,19;8,19;8,19;8,19;9,12;9,12;9,12;9,12;9,12;10,06;10,06;10,06;10,06;10,06;11,22;11,22;12,37;13,55;14,7;17,65;17,65;20,99
TransfolhaTransfolha TerrestreRJRJ 2;Transfolha;Transfolha Terrestre;RJ;RJ 2;8,55;8,55;8,55;8,55;8,55;8,55;9,34;9,34;9,34;9,34;9,34;10,38;10,38;10,38;10,38;10,38;11,43;11,43;11,43;11,43;11,43;12,71;12,71;13,95;15,22;16,5;19,03;19,03;22,34
TransfolhaTransfolha TerrestreRJRJ 3;Transfolha;Transfolha Terrestre;RJ;RJ 3;9,91;9,91;9,91;9,91;9,91;9,91;10,75;10,75;10,75;10,75;10,75;11,92;11,92;11,92;11,92;11,92;13,12;13,12;13,12;13,12;13,12;14,53;14,53;15,98;17,4;18,85;21,71;21,71;24,58
TransfolhaTransfolha TerrestreRSCAP;Transfolha;Transfolha Terrestre;RS;CAP;6,12;6,12;6,12;6,12;6,12;6,12;7,45;7,45;7,45;7,45;7,45;8,79;8,79;8,79;8,79;8,79;10,16;10,16;10,16;10,16;10,16;12,08;12,08;13,99;15,92;17,82;21,66;21,66;25,5
TransfolhaTransfolha TerrestreRSINT;Transfolha;Transfolha Terrestre;RS;INT;7,65;7,65;7,65;7,65;7,65;7,65;9,31;9,31;9,31;9,31;9,31;10,98;10,98;10,98;10,98;10,98;12,7;12,7;12,7;12,7;12,7;15,1;15,1;17,5;19,88;22,28;27,08;27,08;31,88
TransfolhaTransfolha TerrestreRSINT 1;Transfolha;Transfolha Terrestre;RS;INT 1;9,19;9,19;9,19;9,19;9,19;9,19;11,17;11,17;11,17;11,17;11,17;13,18;13,18;13,18;13,18;13,18;15,24;15,24;15,24;15,24;15,24;18,11;18,11;20,99;23,86;26,73;32,49;32,49;38,26
TransfolhaTransfolha TerrestreSCCAP;Transfolha;Transfolha Terrestre;SC;CAP;7,52;7,52;7,52;7,52;7,52;7,52;8,96;8,96;8,96;8,96;8,96;10,38;10,38;10,38;10,38;10,38;11,86;11,86;11,86;11,86;11,86;13,74;13,74;15,6;17,5;19,36;23,11;23,11;26,86
TransfolhaTransfolha TerrestreSCINT;Transfolha;Transfolha Terrestre;SC;INT;8,63;8,63;8,63;8,63;8,63;8,63;10,28;10,28;10,28;10,28;10,28;11,91;11,91;11,91;11,91;11,91;13,6;13,6;13,6;13,6;13,6;15,73;15,73;17,88;20;22,14;26,41;26,41;30,67
TransfolhaTransfolha TerrestreSCINT 1;Transfolha;Transfolha Terrestre;SC;INT 1;20,08;20,08;20,08;20,08;20,08;20,08;22,06;22,06;22,06;22,06;22,06;24,47;24,47;24,47;24,47;24,47;26,29;26,29;26,29;26,29;26,29;28,03;28,03;29,85;31,87;34,28;36,78;36,78;40,01
TransfolhaTransfolha TerrestreSPGSP 1;Transfolha;Transfolha Terrestre;SP;GSP 1;5,19;5,19;5,19;5,19;5,19;5,19;6,01;6,01;6,01;6,01;6,01;6,82;6,82;6,82;6,82;6,82;7,62;7,62;7,62;7,62;7,62;8,52;8,52;9,41;10,3;11,17;12,95;12,95;14,71
TransfolhaTransfolha TerrestreSPGSP 2;Transfolha;Transfolha Terrestre;SP;GSP 2;5,79;5,79;5,79;5,79;5,79;5,79;6,66;6,66;6,66;6,66;6,66;7,56;7,56;7,56;7,56;7,56;8,45;8,45;8,45;8,45;8,45;9,44;9,44;10,39;11,37;12,34;14,26;14,26;16,21
TransfolhaTransfolha TerrestreSPGSP 3;Transfolha;Transfolha Terrestre;SP;GSP 3;6,35;6,35;6,35;6,35;6,35;6,35;7,33;7,33;7,33;7,33;7,33;8,28;8,28;8,28;8,28;8,28;9,27;9,27;9,27;9,27;9,27;10,34;10,34;11,38;12,42;13,46;15,58;15,58;17,67
TransfolhaTransfolha TerrestreSPINT 1;Transfolha;Transfolha Terrestre;SP;INT 1;6,23;6,23;6,23;6,23;6,23;6,23;7,1;7,1;7,1;7,1;7,1;7,97;7,97;7,97;7,97;7,97;8,83;8,83;8,83;8,83;8,83;9,86;9,86;10,9;11,92;12,94;14,99;14,99;17,04
TransfolhaTransfolha TerrestreSPINT 2;Transfolha;Transfolha Terrestre;SP;INT 2;7,07;7,07;7,07;7,07;7,07;7,07;8;8;8;8;8;8,98;8,98;8,98;8,98;8,98;9,95;9,95;9,95;9,95;9,95;11,07;11,07;12,16;13,32;14,42;16,64;16,64;18,88
TransfolhaTransfolha TerrestreSPINT 3;Transfolha;Transfolha Terrestre;SP;INT 3;7,74;7,74;7,74;7,74;7,74;7,74;9,03;9,03;9,03;9,03;9,03;10,1;10,1;10,1;10,1;10,1;11,18;11,18;11,18;11,18;11,18;12,45;12,45;13,67;14,92;16,16;18,64;18,64;21,13
NowlogNowlog StandardAPCAP.01;Nowlog;Nowlog Standard;AP;CAP.01;23,9;23,9;23,9;23,9;23,9;23,9;23,9;23,9;23,9;23,9;23,9;23,9;23,9;23,9;23,9;23,9;23,9;23,9;23,9;23,9;23,9;23,9;23,9;23,9; -; -; -; -; -
NowlogNowlog StandardAPINT.01;Nowlog;Nowlog Standard;AP;INT.01;27,48;27,48;27,48;27,48;27,48;27,48;27,48;27,48;27,48;27,48;27,48;27,48;27,48;27,48;27,48;27,48;27,48;27,48;27,48;27,48;27,48;27,48;27,48;27,48; -; -; -; -; -
NowlogNowlog StandardAPINT.02;Nowlog;Nowlog Standard;AP;INT.02;41,89;41,89;41,89;41,89;41,89;41,89;41,89;41,89;41,89;41,89;41,89;41,89;41,89;41,89;41,89;41,89;41,89;41,89;41,89;41,89;41,89;41,89;41,89;41,89; -; -; -; -; -
NowlogNowlog StandardAMCAP.01;Nowlog;Nowlog Standard;AM;CAP.01;14,86;14,86;14,86;14,86;14,86;14,86;14,86;14,86;14,86;14,86;14,86;14,86;14,86;14,86;14,86;14,86;14,86;14,86;14,86;14,86;14,86;14,86;14,86;14,86; -; -; -; -; -
NowlogNowlog StandardAMINT.01;Nowlog;Nowlog Standard;AM;INT.01;17,09;17,09;17,09;17,09;17,09;17,09;17,09;17,09;17,09;17,09;17,09;17,09;17,09;17,09;17,09;17,09;17,09;17,09;17,09;17,09;17,09;17,09;17,09;17,09; -; -; -; -; -
NowlogNowlog StandardAMINT.02;Nowlog;Nowlog Standard;AM;INT.02;28,12;28,12;28,12;28,12;28,12;28,12;28,12;28,12;28,12;28,12;28,12;28,12;28,12;28,12;28,12;28,12;28,12;28,12;28,12;28,12;28,12;28,12;28,12;28,12; -; -; -; -; -
NowlogNowlog StandardROCAP.01;Nowlog;Nowlog Standard;RO;CAP.01;18,23;18,23;18,23;18,23;18,23;18,23;18,23;18,23;18,23;18,23;18,23;18,23;18,23;18,23;18,23;18,23;18,23;18,23;18,23;18,23;18,23;18,23;18,23;18,23; -; -; -; -; -
NowlogNowlog StandardROINT.01;Nowlog;Nowlog Standard;RO;INT.01;20,97;20,97;20,97;20,97;20,97;20,97;20,97;20,97;20,97;20,97;20,97;20,97;20,97;20,97;20,97;20,97;20,97;20,97;20,97;20,97;20,97;20,97;20,97;20,97; -; -; -; -; -
NowlogNowlog StandardROINT.02;Nowlog;Nowlog Standard;RO;INT.02;31,5;31,5;31,5;31,5;31,5;31,5;31,5;31,5;31,5;31,5;31,5;31,5;31,5;31,5;31,5;31,5;31,5;31,5;31,5;31,5;31,5;31,5;31,5;31,5; -; -; -; -; -
NowlogNowlog StandardACCAP.01;Nowlog;Nowlog Standard;AC;CAP.01;19,58;19,58;19,58;19,58;19,58;19,58;19,58;19,58;19,58;19,58;19,58;19,58;19,58;19,58;19,58;19,58;19,58;19,58;19,58;19,58;19,58;19,58;19,58;19,58; -; -; -; -; -
NowlogNowlog StandardACINT.01;Nowlog;Nowlog Standard;AC;INT.01;22,52;22,52;22,52;22,52;22,52;22,52;22,52;22,52;22,52;22,52;22,52;22,52;22,52;22,52;22,52;22,52;22,52;22,52;22,52;22,52;22,52;22,52;22,52;22,52; -; -; -; -; -
NowlogNowlog StandardACINT.02;Nowlog;Nowlog Standard;AC;INT.02;32,85;32,85;32,85;32,85;32,85;32,85;32,85;32,85;32,85;32,85;32,85;32,85;32,85;32,85;32,85;32,85;32,85;32,85;32,85;32,85;32,85;32,85;32,85;32,85; -; -; -; -; -
GolLogGolLog DOCNADOC;GolLog;GolLog DOC;NA;DOC;12,98;12,98;12,98;12,98;12,98;12,98;12,98;12,98;12,98;12,98;12,98;12,98;12,98;12,98;12,98;12,98;12,98;12,98;12,98;12,98;12,98; -; -; -; -; -; -; -; -
SPLogSPLog StandardSPSPC;SPLog;SPLog Standard;SP;SPC;5,87;5,87;5,87;5,87;5,87;5,87;5,87;6,43;6,43;6,43;6,43;7,19;7,19;7,19;7,19;7,19;9,79;9,79;9,79;9,79;9,79;12,98;12,98;12,98;15,62;15,62;17,58;17,58;21,08
SPLogSPLog StandardRJRJ;SPLog;SPLog Standard;RJ;RJ;7,7;7,7;7,7;7,7;7,7;7,7;7,7;8,42;8,42;8,42;8,42;8,52;8,52;8,52;8,52;8,52;10,2;10,2;10,2;10,2;10,2;13,64;13,64;13,64;15,53;15,53;18,16;18,16;21,76
SPLogSPLog StandardMGMG;SPLog;SPLog Standard;MG;MG;7,14;7,14;7,14;7,14;7,14;7,14;7,14;7,34;7,34;7,34;7,34;7,34;7,34;7,34;7,34;7,34;12,24;12,24;12,24;12,24;12,24;14,46;14,46;14,46;16,68;16,68;20,45;20,45;24,22
SPLogSPLog StandardESES;SPLog;SPLog Standard;ES;ES;7,7;7,7;7,7;7,7;7,7;7,7;7,7;8,16;8,16;8,16;8,16;9,08;9,08;9,08;9,08;9,08;10,9;10,9;10,9;10,9;10,9;17,28;17,28;17,28;19,25;19,25;20,01;20,01;24,77
SPLogSPLog StandardPRPR;SPLog;SPLog Standard;PR;PR;7,73;7,73;7,73;7,73;7,73;7,73;7,73;8,16;8,16;8,16;8,16;8,42;8,42;8,42;8,42;8,42;9,08;9,08;9,08;9,08;9,08;13,55;13,55;13,55;16,55;16,55;19,55;19,55;22,55
SPLogSPLog StandardRSRS;SPLog;SPLog Standard;RS;RS;6,32;6,32;6,32;6,32;6,32;6,32;6,32;6,32;6,32;6,32;6,32;6,32;6,32;6,32;6,32;6,32;11,22;11,22;11,22;11,22;11,22;12,24;12,24;12,24;16,03;16,03;19,96;19,96;21,65
SPLogSPLog StandardSCSC;SPLog;SPLog Standard;SC;SC;7,7;7,7;7,7;7,7;7,7;7,7;7,7;7,7;7,7;7,7;7,7;8,26;8,26;8,26;8,26;8,26;8,58;8,58;8,58;8,58;8,58;14,11;14,11;14,11;16,61;16,61;19,11;19,11;21,61
SPLogSPLog StandardDFDF;SPLog;SPLog Standard;DF;DF;6,38;6,38;6,38;6,38;6,38;6,38;6,38;7,34;7,34;7,34;7,34;8,69;8,69;8,69;8,69;8,69;11,42;11,42;11,42;11,42;11,42;15,38;15,38;15,38;18,22;18,22;21,22;21,22;24,22
SPLogSPLog StandardGOGO;SPLog;SPLog Standard;GO;GO;6,38;6,38;6,38;6,38;6,38;6,38;6,38;7,34;7,34;7,34;7,34;8,93;8,93;8,93;8,93;8,93;12,9;12,9;12,9;12,9;12,9;15,9;15,9;15,9;18,9;18,9;21,9;21,9;24,9
SPLogSPLog StandardMSMS;SPLog;SPLog Standard;MS;MS;8,26;8,26;8,26;8,26;8,26;8,26;8,26;8,72;8,72;8,72;8,72;9,69;9,69;9,69;9,69;9,69;11,63;11,63;11,63;11,63;11,63;17,7;17,7;17,7;20,7;20,7;23,7;23,7;26,7
SPLogSPLog StandardMTMT;SPLog;SPLog Standard;MT;MT;7,73;7,73;7,73;7,73;7,73;7,73;7,73;7,91;7,91;7,91;7,91;10,4;10,4;10,4;10,4;10,4;13,26;13,26;13,26;13,26;13,26;17,29;17,29;17,29;20,79;20,79;23,79;23,79;26,79
SPLogSPLog StandardALAL;SPLog;SPLog Standard;AL;AL;7,65;7,65;7,65;7,65;7,65;7,65;7,65;8,01;8,01;8,01;8,01;9,69;9,69;9,69;9,69;9,69;13,26;13,26;13,26;13,26;13,26;19,26;19,26;19,26;25,26;25,26;31,26;31,26;37,26
SPLogSPLog StandardBABA;SPLog;SPLog Standard;BA;BA;7,65;7,65;7,65;7,65;7,65;7,65;7,65;7,65;7,65;7,65;7,65;11,22;11,22;11,22;11,22;11,22;13,26;13,26;13,26;13,26;13,26;19,26;19,26;19,26;25,26;25,26;31,26;31,26;37,26
SPLogSPLog StandardCECE;SPLog;SPLog Standard;CE;CE;7,65;7,65;7,65;7,65;7,65;7,65;7,65;7,65;7,65;7,65;7,65;11,73;11,73;11,73;11,73;11,73;13,67;13,67;13,67;13,67;13,67;19,41;19,41;19,41;25,41;25,41;31,41;31,41;37,41
SPLogSPLog StandardMAMA;SPLog;SPLog Standard;MA;MA;7,7;7,7;7,7;7,7;7,7;7,7;7,7;7,7;7,7;7,7;7,7;11,27;11,27;11,27;11,27;11,27;12,44;12,44;12,44;12,44;12,44;18,44;18,44;18,44;24,44;24,44;30,44;30,44;36,44
SPLogSPLog StandardPBPB;SPLog;SPLog Standard;PB;PB;7,7;7,7;7,7;7,7;7,7;7,7;7,7;8,21;8,21;8,21;8,21;10,4;10,4;10,4;10,4;10,4;13,67;13,67;13,67;13,67;13,67;19,67;19,67;19,67;25,67;25,67;31,67;31,67;37,67
SPLogSPLog StandardPEPE;SPLog;SPLog Standard;PE;PE;8,26;8,26;8,26;8,26;8,26;8,26;8,26;8,72;8,72;8,72;8,72;11,73;11,73;11,73;11,73;11,73;12,75;12,75;12,75;12,75;12,75;18,75;18,75;18,75;24,75;24,75;30,75;30,75;36,75
SPLogSPLog StandardPIPI;SPLog;SPLog Standard;PI;PI;7,7;7,7;7,7;7,7;7,7;7,7;7,7;8,01;8,01;8,01;8,01;9,69;9,69;9,69;9,69;9,69;14,08;14,08;14,08;14,08;14,08;20,08;20,08;20,08;26,08;26,08;32,08;32,08;38,08
SPLogSPLog StandardRNRN;SPLog;SPLog Standard;RN;RN;7,7;7,7;7,7;7,7;7,7;7,7;7,7;7,7;7,7;7,7;7,7;10;10;10;10;10;13,67;13,67;13,67;13,67;13,67;19,67;19,67;19,67;25,67;25,67;31,67;31,67;37,67
SPLogSPLog StandardSESE;SPLog;SPLog Standard;SE;SE;7,7;7,7;7,7;7,7;7,7;7,7;7,7;7,7;7,7;7,7;7,7;10,4;10,4;10,4;10,4;10,4;12,65;12,65;12,65;12,65;12,65;18,11;18,11;18,11;24,11;24,11;30,11;30,11;36,11
SPLogSPLog StandardACAC;SPLog;SPLog Standard;AC;AC;7,96;7,96;7,96;7,96;7,96;7,96;7,96;7,96;7,96;7,96;7,96;9,18;9,18;9,18;9,18;9,18;11,73;11,73;11,73;11,73;11,73;19,84;19,84;19,84;27,95;27,95;36,06;36,06;44,17
SPLogSPLog StandardAMAM;SPLog;SPLog Standard;AM;AM;7,96;7,96;7,96;7,96;7,96;7,96;7,96;7,96;7,96;7,96;7,96;9,69;9,69;9,69;9,69;9,69;12,75;12,75;12,75;12,75;12,75;17,29;17,29;17,29;26,29;26,29;35,29;35,29;44,29
SPLogSPLog StandardAPAP;SPLog;SPLog Standard;AP;AP;7,96;7,96;7,96;7,96;7,96;7,96;7,96;7,96;7,96;7,96;7,96;9,69;9,69;9,69;9,69;9,69;11,53;11,53;11,53;11,53;11,53;36,53;36,53;36,53;61,53;61,53;86,53;86,53;111,53
SPLogSPLog StandardPAPA;SPLog;SPLog Standard;PA;PA;7,96;7,96;7,96;7,96;7,96;7,96;7,96;7,96;7,96;7,96;7,96;10,46;10,46;10,46;10,46;10,46;12,24;12,24;12,24;12,24;12,24;19,84;19,84;19,84;27,44;27,44;35,04;35,04;42,64
SPLogSPLog StandardRRRR;SPLog;SPLog Standard;RR;RR;7,96;7,96;7,96;7,96;7,96;7,96;7,96;7,96;7,96;7,96;7,96;9,69;9,69;9,69;9,69;9,69;11,12;11,12;11,12;11,12;11,12;33,12;33,12;33,12;55,12;55,12;77,12;77,12;99,12
SPLogSPLog StandardRORO;SPLog;SPLog Standard;RO;RO;7,96;7,96;7,96;7,96;7,96;7,96;7,96;7,96;7,96;7,96;7,96;9,89;9,89;9,89;9,89;9,89;12,14;12,14;12,14;12,14;12,14;28,14;28,14;28,14;44,14;44,14;60,14;60,14;76,14
SPLogSPLog StandardTOTO;SPLog;SPLog Standard;TO;TO;7,96;7,96;7,96;7,96;7,96;7,96;7,96;7,96;7,96;7,96;7,96;10,4;10,4;10,4;10,4;10,4;18,16;18,16;18,16;18,16;18,16;27,66;27,66;27,66;37,16;37,16;46,66;46,66;56,16
Azul CargoAzul Cargo ExpressACCapital;Azul Cargo;Azul Cargo Express;AC;Capital;8,55;8,55;8,55;8,55;8,55;8,55;9,26;9,26;9,26;9,26;9,26;9,8;9,8;9,8;9,8;9,8;10,37;10,37;10,37;10,37;10,37;13,98;13,98;13,98;17,59;17,59;21,2;21,2;24,81
Azul CargoAzul Cargo ExpressALCapital;Azul Cargo;Azul Cargo Express;AL;Capital;8,55;8,55;8,55;8,55;8,55;8,55;9,26;9,26;9,26;9,26;9,26;9,8;9,8;9,8;9,8;9,8;10,37;10,37;10,37;10,37;10,37;13,98;13,98;13,98;17,59;17,59;21,2;21,2;24,81
Azul CargoAzul Cargo ExpressAMCapital;Azul Cargo;Azul Cargo Express;AM;Capital;8,55;8,55;8,55;8,55;8,55;8,55;9,26;9,26;9,26;9,26;9,26;9,8;9,8;9,8;9,8;9,8;10,37;10,37;10,37;10,37;10,37;13,98;13,98;13,98;17,59;17,59;21,2;21,2;24,81
Azul CargoAzul Cargo ExpressAPCapital;Azul Cargo;Azul Cargo Express;AP;Capital;8,55;8,55;8,55;8,55;8,55;8,55;9,26;9,26;9,26;9,26;9,26;9,8;9,8;9,8;9,8;9,8;10,37;10,37;10,37;10,37;10,37;13,98;13,98;13,98;17,59;17,59;21,2;21,2;24,81
Azul CargoAzul Cargo ExpressBACapital;Azul Cargo;Azul Cargo Express;BA;Capital;8,55;8,55;8,55;8,55;8,55;8,55;9,26;9,26;9,26;9,26;9,26;9,8;9,8;9,8;9,8;9,8;10,37;10,37;10,37;10,37;10,37;13,98;13,98;13,98;17,59;17,59;21,2;21,2;24,81
Azul CargoAzul Cargo ExpressCECapital;Azul Cargo;Azul Cargo Express;CE;Capital;8,55;8,55;8,55;8,55;8,55;8,55;9,26;9,26;9,26;9,26;9,26;9,8;9,8;9,8;9,8;9,8;10,37;10,37;10,37;10,37;10,37;13,98;13,98;13,98;17,59;17,59;21,2;21,2;24,81
Azul CargoAzul Cargo ExpressDFCapital;Azul Cargo;Azul Cargo Express;DF;Capital;8,55;8,55;8,55;8,55;8,55;8,55;9,26;9,26;9,26;9,26;9,26;9,8;9,8;9,8;9,8;9,8;10,37;10,37;10,37;10,37;10,37;13,98;13,98;13,98;17,59;17,59;21,2;21,2;24,81
Azul CargoAzul Cargo ExpressESCapital;Azul Cargo;Azul Cargo Express;ES;Capital;8,55;8,55;8,55;8,55;8,55;8,55;9,26;9,26;9,26;9,26;9,26;9,8;9,8;9,8;9,8;9,8;10,37;10,37;10,37;10,37;10,37;13,98;13,98;13,98;17,59;17,59;21,2;21,2;24,81
Azul CargoAzul Cargo ExpressGOCapital;Azul Cargo;Azul Cargo Express;GO;Capital;8,55;8,55;8,55;8,55;8,55;8,55;9,26;9,26;9,26;9,26;9,26;9,8;9,8;9,8;9,8;9,8;10,37;10,37;10,37;10,37;10,37;13,98;13,98;13,98;17,59;17,59;21,2;21,2;24,81
Azul CargoAzul Cargo ExpressMACapital;Azul Cargo;Azul Cargo Express;MA;Capital;8,55;8,55;8,55;8,55;8,55;8,55;9,26;9,26;9,26;9,26;9,26;9,8;9,8;9,8;9,8;9,8;10,37;10,37;10,37;10,37;10,37;13,98;13,98;13,98;17,59;17,59;21,2;21,2;24,81
Azul CargoAzul Cargo ExpressMGCapital;Azul Cargo;Azul Cargo Express;MG;Capital;8,55;8,55;8,55;8,55;8,55;8,55;9,26;9,26;9,26;9,26;9,26;9,8;9,8;9,8;9,8;9,8;10,37;10,37;10,37;10,37;10,37;13,98;13,98;13,98;17,59;17,59;21,2;21,2;24,81
Azul CargoAzul Cargo ExpressMSCapital;Azul Cargo;Azul Cargo Express;MS;Capital;8,55;8,55;8,55;8,55;8,55;8,55;9,26;9,26;9,26;9,26;9,26;9,8;9,8;9,8;9,8;9,8;10,37;10,37;10,37;10,37;10,37;13,98;13,98;13,98;17,59;17,59;21,2;21,2;24,81
Azul CargoAzul Cargo ExpressMTCapital;Azul Cargo;Azul Cargo Express;MT;Capital;8,55;8,55;8,55;8,55;8,55;8,55;9,26;9,26;9,26;9,26;9,26;9,8;9,8;9,8;9,8;9,8;10,37;10,37;10,37;10,37;10,37;13,98;13,98;13,98;17,59;17,59;21,2;21,2;24,81
Azul CargoAzul Cargo ExpressPACapital;Azul Cargo;Azul Cargo Express;PA;Capital;8,55;8,55;8,55;8,55;8,55;8,55;9,26;9,26;9,26;9,26;9,26;9,8;9,8;9,8;9,8;9,8;10,37;10,37;10,37;10,37;10,37;13,98;13,98;13,98;17,59;17,59;21,2;21,2;24,81
Azul CargoAzul Cargo ExpressPBCapital;Azul Cargo;Azul Cargo Express;PB;Capital;8,55;8,55;8,55;8,55;8,55;8,55;9,26;9,26;9,26;9,26;9,26;9,8;9,8;9,8;9,8;9,8;10,37;10,37;10,37;10,37;10,37;13,98;13,98;13,98;17,59;17,59;21,2;21,2;24,81
Azul CargoAzul Cargo ExpressPECapital;Azul Cargo;Azul Cargo Express;PE;Capital;8,55;8,55;8,55;8,55;8,55;8,55;9,26;9,26;9,26;9,26;9,26;9,8;9,8;9,8;9,8;9,8;10,37;10,37;10,37;10,37;10,37;13,98;13,98;13,98;17,59;17,59;21,2;21,2;24,81
Azul CargoAzul Cargo ExpressPICapital;Azul Cargo;Azul Cargo Express;PI;Capital;8,55;8,55;8,55;8,55;8,55;8,55;9,26;9,26;9,26;9,26;9,26;9,8;9,8;9,8;9,8;9,8;10,37;10,37;10,37;10,37;10,37;13,98;13,98;13,98;17,59;17,59;21,2;21,2;24,81
Azul CargoAzul Cargo ExpressPRCapital;Azul Cargo;Azul Cargo Express;PR;Capital;8,55;8,55;8,55;8,55;8,55;8,55;9,26;9,26;9,26;9,26;9,26;9,8;9,8;9,8;9,8;9,8;10,37;10,37;10,37;10,37;10,37;13,98;13,98;13,98;17,59;17,59;21,2;21,2;24,81
Azul CargoAzul Cargo ExpressRJCapital;Azul Cargo;Azul Cargo Express;RJ;Capital;8,55;8,55;8,55;8,55;8,55;8,55;9,26;9,26;9,26;9,26;9,26;9,8;9,8;9,8;9,8;9,8;10,37;10,37;10,37;10,37;10,37;13,98;13,98;13,98;17,59;17,59;21,2;21,2;24,81
Azul CargoAzul Cargo ExpressRNCapital;Azul Cargo;Azul Cargo Express;RN;Capital;8,55;8,55;8,55;8,55;8,55;8,55;9,26;9,26;9,26;9,26;9,26;9,8;9,8;9,8;9,8;9,8;10,37;10,37;10,37;10,37;10,37;13,98;13,98;13,98;17,59;17,59;21,2;21,2;24,81
Azul CargoAzul Cargo ExpressROCapital;Azul Cargo;Azul Cargo Express;RO;Capital;8,55;8,55;8,55;8,55;8,55;8,55;9,26;9,26;9,26;9,26;9,26;9,8;9,8;9,8;9,8;9,8;10,37;10,37;10,37;10,37;10,37;13,98;13,98;13,98;17,59;17,59;21,2;21,2;24,81
Azul CargoAzul Cargo ExpressRRCapital;Azul Cargo;Azul Cargo Express;RR;Capital;8,55;8,55;8,55;8,55;8,55;8,55;9,26;9,26;9,26;9,26;9,26;9,8;9,8;9,8;9,8;9,8;10,37;10,37;10,37;10,37;10,37;13,98;13,98;13,98;17,59;17,59;21,2;21,2;24,81
Azul CargoAzul Cargo ExpressRSCapital;Azul Cargo;Azul Cargo Express;RS;Capital;8,55;8,55;8,55;8,55;8,55;8,55;9,26;9,26;9,26;9,26;9,26;9,8;9,8;9,8;9,8;9,8;10,37;10,37;10,37;10,37;10,37;13,98;13,98;13,98;17,59;17,59;21,2;21,2;24,81
Azul CargoAzul Cargo ExpressSCCapital;Azul Cargo;Azul Cargo Express;SC;Capital;8,55;8,55;8,55;8,55;8,55;8,55;9,26;9,26;9,26;9,26;9,26;9,8;9,8;9,8;9,8;9,8;10,37;10,37;10,37;10,37;10,37;13,98;13,98;13,98;17,59;17,59;21,2;21,2;24,81
Azul CargoAzul Cargo ExpressSECapital;Azul Cargo;Azul Cargo Express;SE;Capital;8,55;8,55;8,55;8,55;8,55;8,55;9,26;9,26;9,26;9,26;9,26;9,8;9,8;9,8;9,8;9,8;10,37;10,37;10,37;10,37;10,37;13,98;13,98;13,98;17,59;17,59;21,2;21,2;24,81
Azul CargoAzul Cargo ExpressSPCapital;Azul Cargo;Azul Cargo Express;SP;Capital;8,55;8,55;8,55;8,55;8,55;8,55;9,26;9,26;9,26;9,26;9,26;9,8;9,8;9,8;9,8;9,8;10,37;10,37;10,37;10,37;10,37;13,98;13,98;13,98;17,59;17,59;21,2;21,2;24,81
Azul CargoAzul Cargo ExpressTOCapital;Azul Cargo;Azul Cargo Express;TO;Capital;8,55;8,55;8,55;8,55;8,55;8,55;9,26;9,26;9,26;9,26;9,26;9,8;9,8;9,8;9,8;9,8;10,37;10,37;10,37;10,37;10,37;13,98;13,98;13,98;17,59;17,59;21,2;21,2;24,81
